"","year","month","date","site","depth","rep","Caligidae","Caprellidae","Cirolanidae","Cucumariidae","Gammaridae","Gnathiidae","Idoteidae","Janiridae","Joeropsididae","Munnidae","Mysidae","Nephropidae","Sclerodactylidae","Sphaeromatidae","Strongylocentrotidae"
"1",1995,11,1995-11-07,"bc 1",10,1,8,704,0,0,960,0,40,0,16,0,0,0,8,56,0
"2",1995,11,1995-11-07,"bc 1",10,2,0,60,0,0,400,0,4,0,0,0,0,0,0,8,0
"3",1995,11,1995-11-07,"bc 1",10,3,0,16,0,0,312,0,20,0,0,0,0,0,0,0,0
"4",1995,11,1995-11-07,"bc 1",10,4,0,608,0,0,1392,0,32,0,48,0,0,0,0,32,0
"5",1995,11,1995-11-07,"bc 1",10,5,0,1080,0,0,776,0,16,0,0,0,0,0,0,8,0
"6",1995,11,1995-11-07,"bc 1",10,6,0,8192,0,0,2432,0,128,0,0,0,0,0,0,128,0
"7",1995,11,1995-11-07,"bc 1",10,7,0,10,0,0,166,0,18,0,16,0,0,0,0,0,0
"8",1995,11,1995-11-07,"bc 1",10,8,0,0,0,0,12,0,0,0,0,0,0,0,0,0,0
"9",1995,11,1995-11-07,"bc 1",10,9,0,2192,0,0,608,0,0,0,0,0,0,0,0,64,0
"10",1995,11,1995-11-07,"bc 1",10,10,0,0,0,0,208,0,0,0,0,0,0,0,0,0,0
"11",1995,11,1995-11-07,"bc 1",20,1,0,2,0,0,44,0,2,0,0,0,0,0,6,0,0
"12",1995,11,1995-11-07,"bc 1",20,2,0,2,0,0,154,0,20,0,0,0,0,0,4,4,0
"13",1995,11,1995-11-07,"bc 1",20,3,0,1280,0,0,2464,0,0,0,0,0,0,0,0,32,0
"14",1995,11,1995-11-07,"bc 1",20,4,0,40,0,0,496,0,20,0,4,0,0,0,4,4,0
"15",1995,11,1995-11-07,"bc 1",20,5,0,40,0,0,688,0,24,0,0,0,0,0,0,8,0
"16",1995,11,1995-11-07,"bc 1",20,6,0,3392,0,0,832,0,0,0,0,0,0,0,0,64,0
"17",1995,11,1995-11-07,"bc 1",20,7,0,38,0,0,51,0,4,0,11,0,0,0,2,3,0
"18",1995,11,1995-11-07,"bc 1",20,8,0,32,0,0,1952,0,64,0,0,0,0,0,0,0,0
"19",1995,11,1995-11-07,"bc 1",20,9,0,4,0,0,66,0,2,0,2,0,0,0,6,0,0
"20",1995,11,1995-11-07,"bc 1",20,10,0,8,0,0,616,0,0,0,0,0,0,0,0,0,0
"21",1995,11,1995-11-07,"bc 1",30,1,0,0,0,0,2,0,0,0,0,0,0,0,0,0,0
"22",1995,11,1995-11-07,"bc 1",30,2,0,14,0,0,170,0,42,0,2,0,0,0,0,0,0
"23",1995,11,1995-11-07,"bc 1",30,3,0,4,0,0,118,0,0,0,0,0,0,0,0,0,0
"24",1995,11,1995-11-07,"bc 1",30,4,0,16,0,0,424,0,8,0,24,0,0,0,0,0,0
"25",1995,11,1995-11-07,"bc 1",30,5,0,8,0,0,264,0,68,0,28,0,0,0,16,4,0
"26",1995,11,1995-11-07,"bc 1",30,6,0,48,0,0,72,0,0,0,0,0,0,0,0,2,0
"27",1995,11,1995-11-07,"bc 1",30,7,0,3,0,0,67,0,2,0,0,0,0,0,1,0,0
"28",1995,11,1995-11-07,"bc 1",30,8,0,0,0,0,1,0,0,0,0,0,0,0,0,0,0
"29",1995,11,1995-11-07,"bc 1",30,9,0,2,0,0,46,0,2,0,6,0,0,0,2,0,0
"30",1995,11,1995-11-07,"bc 1",30,10,0,2,0,0,44,0,10,0,0,0,0,0,0,2,0
"31",1996,11,1996-11-07,"bc 1",10,1,0,1024,0,0,1856,0,96,0,16,0,0,0,0,0,0
"32",1996,11,1996-11-07,"bc 1",10,2,0,61952,0,0,1280,0,0,0,0,0,0,0,0,0,0
"33",1996,11,1996-11-07,"bc 1",10,3,0,256,0,0,752,0,32,0,0,0,0,0,0,48,0
"34",1996,11,1996-11-07,"bc 1",10,4,0,880,0,0,832,0,64,0,0,0,0,0,0,0,0
"35",1996,11,1996-11-07,"bc 1",10,5,0,1184,0,0,2656,0,32,0,64,0,0,0,0,64,0
"36",1996,11,1996-11-07,"bc 1",10,6,0,192,0,0,688,0,0,0,16,0,0,0,0,0,0
"37",1996,11,1996-11-07,"bc 1",10,7,0,6208,0,0,5376,0,64,0,0,0,0,0,0,0,0
"38",1996,11,1996-11-07,"bc 1",10,8,0,336,0,0,2000,0,160,0,0,0,0,0,0,32,0
"39",1996,11,1996-11-07,"bc 1",10,9,0,1632,0,0,1728,0,96,0,0,0,0,0,0,0,0
"40",1996,11,1996-11-07,"bc 1",10,10,0,8576,0,0,2240,0,64,0,96,0,0,0,0,32,0
"41",1996,11,1996-11-07,"bc 1",20,1,0,4,0,0,612,0,12,0,0,0,0,0,0,4,0
"42",1996,11,1996-11-07,"bc 1",20,2,0,0,0,0,108,0,6,0,0,0,0,0,0,2,0
"43",1996,11,1996-11-07,"bc 1",20,3,0,864,0,0,2368,0,320,0,16,0,0,0,0,0,0
"44",1996,11,1996-11-07,"bc 1",20,4,0,0,0,0,138,0,10,0,0,0,0,0,4,0,0
"45",1996,11,1996-11-07,"bc 1",20,5,0,40,0,0,792,0,24,0,0,0,0,0,8,0,0
"46",1996,11,1996-11-07,"bc 1",20,6,0,8,0,0,368,0,12,0,4,0,0,0,4,4,0
"47",1996,11,1996-11-07,"bc 1",20,7,0,0,0,0,504,0,72,0,0,0,0,0,0,0,0
"48",1996,11,1996-11-07,"bc 1",20,8,0,8,0,0,340,0,15,0,0,0,0,0,0,2,0
"49",1996,11,1996-11-07,"bc 1",20,9,0,96,0,0,768,0,80,0,32,0,0,0,0,0,0
"50",1996,11,1996-11-07,"bc 1",20,10,0,224,0,0,3712,0,224,0,0,0,0,0,0,0,0
"51",1996,11,1996-11-07,"bc 1",30,1,0,176,0,0,1344,0,80,0,0,0,0,0,0,0,0
"52",1996,11,1996-11-07,"bc 1",30,2,0,26,0,0,78,0,10,0,0,0,0,0,0,0,0
"53",1996,11,1996-11-07,"bc 1",30,3,0,336,0,0,832,0,16,0,0,0,0,0,0,0,0
"54",1996,11,1996-11-07,"bc 1",30,4,0,240,0,0,1408,0,32,0,16,0,2,0,0,0,0
"55",1996,11,1996-11-07,"bc 1",30,5,0,24,0,0,260,0,16,0,0,0,0,0,4,0,0
"56",1996,11,1996-11-07,"bc 1",30,6,0,8,0,0,78,0,10,0,0,0,0,0,2,0,0
"57",1996,11,1996-11-07,"bc 1",30,7,0,4,0,0,312,0,30,0,0,0,0,0,6,0,0
"58",1996,11,1996-11-07,"bc 1",30,8,0,1,0,0,101,0,5,0,0,0,0,0,0,0,0
"59",1996,11,1996-11-07,"bc 1",30,9,0,1,0,0,38,0,5,0,0,0,4,0,24,0,0
"60",1996,11,1996-11-07,"bc 1",30,10,0,6,0,0,36,0,34,0,2,0,0,0,2,0,0
"61",1996,11,1996-11-12,"twin west",10,1,0,240,0,0,1472,0,32,0,0,0,16,0,0,48,0
"62",1996,11,1996-11-12,"twin west",10,2,0,10368,0,0,640,0,0,0,0,0,0,0,0,256,0
"63",1996,11,1996-11-12,"twin west",10,3,0,192,0,0,1472,0,208,0,0,0,0,0,0,240,0
"64",1996,11,1996-11-12,"twin west",10,4,0,2272,0,0,1312,0,224,0,0,0,32,0,32,96,0
"65",1996,11,1996-11-12,"twin west",10,5,0,928,0,0,2016,0,256,0,0,0,0,0,0,224,0
"66",1996,11,1996-11-12,"twin west",10,6,0,2656,0,0,640,0,32,0,0,0,0,0,0,64,0
"67",1996,11,1996-11-12,"twin west",10,7,0,15872,0,0,1664,0,0,0,0,0,0,0,0,0,0
"68",1996,11,1996-11-12,"twin west",10,8,0,976,0,0,816,0,16,0,0,0,0,0,0,64,0
"69",1996,11,1996-11-12,"twin west",10,9,0,1312,0,0,832,0,144,0,0,0,0,0,0,64,0
"70",1996,11,1996-11-12,"twin west",10,10,0,19968,0,0,3328,0,256,0,0,0,0,0,0,0,0
"71",1996,11,1996-11-12,"twin west",20,1,0,6,0,0,8,0,10,0,0,0,1,0,0,0,0
"72",1996,11,1996-11-12,"twin west",20,2,0,128,0,0,1040,0,112,0,16,0,0,0,0,16,0
"73",1996,11,1996-11-12,"twin west",20,3,0,15,0,0,75,0,7,0,1,0,0,0,0,1,0
"74",1996,11,1996-11-12,"twin west",20,4,0,80,0,0,1152,0,144,0,16,0,0,0,0,0,0
"75",1996,11,1996-11-12,"twin west",20,5,0,32,0,0,252,0,4,0,0,0,0,0,0,0,0
"76",1996,11,1996-11-12,"twin west",20,6,0,8,0,0,196,0,32,0,8,0,0,0,0,8,0
"77",1996,11,1996-11-12,"twin west",20,7,0,40,0,0,968,0,24,0,0,0,8,0,0,8,0
"78",1996,11,1996-11-12,"twin west",20,8,0,1,0,0,8,0,0,0,0,0,0,0,0,0,0
"79",1996,11,1996-11-12,"twin west",20,9,0,4,0,0,200,0,12,0,0,0,0,0,0,8,0
"80",1996,11,1996-11-12,"twin west",20,10,0,4,0,0,252,0,76,0,8,0,0,0,0,28,0
"81",1996,11,1996-11-12,"twin west",30,1,0,160,0,0,880,0,32,0,0,0,0,0,0,0,0
"82",1996,11,1996-11-12,"twin west",30,2,0,48,0,0,292,0,20,0,0,0,0,0,0,0,0
"83",1996,11,1996-11-12,"twin west",30,3,0,2,0,0,38,0,8,0,0,0,0,0,0,1,0
"84",1996,11,1996-11-12,"twin west",30,4,0,0,0,0,12,0,0,0,0,0,1,0,0,0,0
"85",1996,11,1996-11-12,"twin west",30,5,0,56,0,1,744,0,16,0,0,0,0,0,0,104,0
"86",1996,11,1996-11-12,"twin west",30,6,0,5,0,0,11,0,3,0,0,0,0,0,0,0,0
"87",1996,11,1996-11-12,"twin west",30,7,0,1,0,0,54,0,3,0,0,0,0,0,0,0,0
"88",1996,11,1996-11-12,"twin west",30,8,0,0,0,0,0,0,0,0,0,0,0,0,0,0,0
"89",1996,11,1996-11-12,"twin west",30,9,0,4,0,0,132,0,8,0,0,0,0,0,0,4,0
"90",1996,11,1996-11-12,"twin west",30,10,0,6,0,0,126,0,2,0,0,0,0,0,0,0,0
"91",1996,11,1996-11-13,"diablo",10,1,0,11072,0,0,2496,0,0,0,192,0,0,0,0,0,0
"92",1996,11,1996-11-13,"diablo",10,2,0,1136,0,0,1280,0,160,0,0,0,0,0,0,64,0
"93",1996,11,1996-11-13,"diablo",10,3,0,192,0,0,5056,0,128,0,64,0,0,0,0,0,0
"94",1996,11,1996-11-13,"diablo",10,4,0,3456,0,0,10112,0,384,0,128,0,0,0,0,0,0
"95",1996,11,1996-11-13,"diablo",10,5,0,6784,0,0,1600,0,64,0,0,0,0,0,0,0,0
"96",1996,11,1996-11-13,"diablo",10,6,0,1984,0,0,2272,0,96,0,0,0,0,0,0,32,0
"97",1996,11,1996-11-13,"diablo",10,7,0,64,0,0,2272,0,0,0,32,0,0,0,0,0,0
"98",1996,11,1996-11-13,"diablo",10,8,0,128,0,0,2208,0,224,0,64,0,0,0,0,0,0
"99",1996,11,1996-11-13,"diablo",10,9,0,3424,0,0,2176,0,32,0,0,0,0,0,32,0,0
"100",1996,11,1996-11-13,"diablo",10,10,0,832,0,0,3776,0,192,0,0,0,0,0,0,64,0
"101",1996,11,1996-11-13,"diablo",20,1,0,24,0,0,528,0,56,0,8,0,8,0,0,0,0
"102",1996,11,1996-11-13,"diablo",20,2,0,192,0,0,3168,0,32,0,0,0,0,0,0,0,0
"103",1996,11,1996-11-13,"diablo",20,3,0,192,0,0,5888,0,256,0,64,0,0,0,0,0,0
"104",1996,11,1996-11-13,"diablo",20,4,0,28,0,0,216,0,0,0,16,0,0,0,8,0,0
"105",1996,11,1996-11-13,"diablo",20,5,0,12,0,0,248,0,0,0,0,0,0,0,8,24,0
"106",1996,11,1996-11-13,"diablo",20,6,0,704,0,0,7552,0,0,0,256,0,2,0,0,0,0
"107",1996,11,1996-11-13,"diablo",20,7,0,32,0,0,2048,0,96,0,64,0,0,0,0,0,0
"108",1996,11,1996-11-13,"diablo",20,8,0,1792,0,0,3136,0,0,0,0,0,0,0,0,0,0
"109",1996,11,1996-11-13,"diablo",20,9,0,128,0,0,4096,0,0,0,64,0,0,0,0,0,0
"110",1996,11,1996-11-13,"diablo",20,10,0,32,0,0,2720,0,192,0,0,0,0,0,0,0,0
"111",1996,11,1996-11-13,"diablo",30,1,0,28,0,0,160,0,40,0,0,0,4,0,0,0,0
"112",1996,11,1996-11-13,"diablo",30,2,0,12,0,0,368,0,4,0,0,0,0,0,0,0,0
"113",1996,11,1996-11-13,"diablo",30,3,0,0,0,0,172,0,24,0,0,0,0,0,0,0,0
"114",1996,11,1996-11-13,"diablo",30,4,0,48,0,0,424,0,24,0,0,0,0,0,0,0,0
"115",1996,11,1996-11-13,"diablo",30,5,0,6,0,0,150,0,8,0,0,0,8,0,0,0,0
"116",1996,11,1996-11-13,"diablo",30,6,0,288,0,0,1056,0,0,0,96,0,0,0,0,0,0
"117",1996,11,1996-11-13,"diablo",30,7,0,32,0,0,1472,0,32,0,0,0,0,0,0,0,0
"118",1996,11,1996-11-13,"diablo",30,8,0,32,0,0,1104,0,48,0,32,0,0,0,0,0,0
"119",1996,11,1996-11-13,"diablo",30,9,0,32,0,0,928,0,0,0,0,0,0,0,0,0,0
"120",1996,11,1996-11-13,"diablo",30,10,0,8,0,0,560,0,16,0,0,0,0,0,0,0,0
"121",1997,10,1997-10-29,"bc 1",10,1,0,256,0,0,512,0,16,0,0,0,0,0,0,16,0
"122",1997,10,1997-10-29,"bc 1",10,2,0,14,0,0,132,0,6,0,0,0,0,0,0,26,0
"123",1997,10,1997-10-29,"bc 1",10,3,0,56,0,0,312,0,32,0,0,0,0,0,0,8,0
"124",1997,10,1997-10-29,"bc 1",10,4,0,728,0,0,480,0,56,0,0,0,0,0,0,16,0
"125",1997,10,1997-10-29,"bc 1",10,5,0,288,0,0,1184,0,256,0,0,0,0,0,0,0,0
"126",1997,10,1997-10-29,"bc 1",10,6,0,192,0,0,736,0,0,0,0,0,0,0,0,16,0
"127",1997,10,1997-10-29,"bc 1",10,7,0,80,0,0,704,0,64,0,0,0,0,0,0,0,0
"128",1997,10,1997-10-29,"bc 1",10,8,0,384,0,0,704,0,80,0,0,0,0,0,0,64,0
"129",1997,10,1997-10-29,"bc 1",10,9,0,160,0,0,200,0,32,0,0,0,0,0,0,56,0
"130",1997,10,1997-10-29,"bc 1",10,10,0,128,0,0,1072,0,96,0,0,0,0,0,0,0,0
"131",1997,10,1997-10-29,"bc 1",20,1,0,2,0,0,124,0,12,0,0,0,0,0,0,2,0
"132",1997,10,1997-10-29,"bc 1",20,2,0,0,0,0,22,0,2,0,0,0,0,0,2,0,0
"133",1997,10,1997-10-29,"bc 1",20,3,0,8,0,0,144,0,0,0,0,0,0,0,0,0,0
"134",1997,10,1997-10-29,"bc 1",20,4,0,2,0,0,20,0,0,0,0,0,0,0,0,2,0
"135",1997,10,1997-10-29,"bc 1",20,5,0,16,0,0,544,0,16,0,0,0,0,0,0,0,0
"136",1997,10,1997-10-29,"bc 1",20,6,0,4,0,0,36,0,0,0,0,0,0,0,0,0,0
"137",1997,10,1997-10-29,"bc 1",20,7,0,2,0,0,50,0,8,0,0,0,0,0,0,0,0
"138",1997,10,1997-10-29,"bc 1",20,8,0,4,0,0,48,0,8,0,0,0,0,0,0,0,0
"139",1997,10,1997-10-29,"bc 1",20,9,0,8,0,0,84,0,16,0,0,0,0,0,0,4,0
"140",1997,10,1997-10-29,"bc 1",20,10,0,16,0,0,224,0,32,0,0,0,0,0,0,0,0
"141",1997,10,1997-10-29,"bc 1",30,1,0,0,0,0,6,0,0,0,0,0,0,0,0,0,0
"142",1997,10,1997-10-29,"bc 1",30,2,0,0,0,0,3,0,0,0,0,0,0,0,0,0,0
"143",1997,10,1997-10-29,"bc 1",30,3,0,0,0,0,32,0,0,0,0,0,0,0,0,0,0
"144",1997,10,1997-10-29,"bc 1",30,4,0,0,0,0,5,0,1,0,0,0,0,0,0,0,0
"145",1997,10,1997-10-29,"bc 1",30,5,0,0,0,0,5,0,0,0,0,0,0,0,0,0,0
"146",1997,10,1997-10-29,"bc 1",30,6,0,0,0,0,12,0,0,0,0,0,0,0,0,4,0
"147",1997,10,1997-10-29,"bc 1",30,7,0,0,0,0,16,0,0,0,0,0,0,0,0,0,0
"148",1997,10,1997-10-29,"bc 1",30,8,0,0,0,0,16,0,0,0,0,0,0,0,0,0,0
"149",1997,10,1997-10-29,"bc 1",30,9,0,1,0,0,5,0,0,0,0,0,0,0,0,0,0
"150",1997,10,1997-10-29,"bc 1",30,10,0,0,0,0,12,0,0,0,0,0,0,0,0,0,0
"151",1997,11,1997-11-05,"twin west",10,1,0,184,0,0,408,0,16,0,0,0,0,0,0,80,0
"152",1997,11,1997-11-05,"twin west",10,2,0,192,0,0,1080,0,208,0,16,0,0,0,0,0,0
"153",1997,11,1997-11-05,"twin west",10,3,0,160,0,0,384,0,16,0,0,0,0,0,0,32,0
"154",1997,11,1997-11-05,"twin west",10,4,0,696,0,0,1008,0,8,0,0,0,0,0,0,48,0
"155",1997,11,1997-11-05,"twin west",10,5,0,296,0,0,456,0,40,0,0,0,0,0,0,56,0
"156",1997,11,1997-11-05,"twin west",10,6,0,152,0,0,296,0,8,0,0,0,0,0,0,8,0
"157",1997,11,1997-11-05,"twin west",10,7,0,256,0,0,1024,0,48,0,0,0,0,0,0,144,0
"158",1997,11,1997-11-05,"twin west",10,8,0,96,0,0,268,0,8,0,0,0,0,0,0,8,0
"159",1997,11,1997-11-05,"twin west",10,9,0,44,0,0,204,0,36,0,0,0,0,0,0,16,0
"160",1997,11,1997-11-05,"twin west",10,10,0,18,0,0,32,0,2,0,0,0,0,0,0,8,0
"161",1997,11,1997-11-05,"twin west",20,1,0,13,0,0,92,0,9,0,0,0,0,0,0,12,0
"162",1997,11,1997-11-05,"twin west",20,2,0,0,0,0,300,0,20,0,0,0,0,0,0,8,0
"163",1997,11,1997-11-05,"twin west",20,3,0,2,0,0,32,0,16,0,0,0,0,0,0,0,0
"164",1997,11,1997-11-05,"twin west",20,4,0,3,0,0,115,0,0,0,0,0,1,0,0,0,0
"165",1997,11,1997-11-05,"twin west",20,5,0,4,0,0,56,0,2,0,0,0,0,0,0,4,0
"166",1997,11,1997-11-05,"twin west",20,6,0,8,0,0,248,0,4,0,0,0,0,0,0,20,0
"167",1997,11,1997-11-05,"twin west",20,7,0,0,0,0,19,0,1,0,0,0,0,0,1,0,0
"168",1997,11,1997-11-05,"twin west",20,8,0,16,0,0,292,0,4,0,0,0,0,0,0,12,0
"169",1997,11,1997-11-05,"twin west",20,9,0,0,0,0,336,0,32,0,0,0,0,0,0,32,0
"170",1997,11,1997-11-05,"twin west",20,10,0,12,0,0,300,0,72,0,0,0,0,0,0,24,0
"171",1997,11,1997-11-05,"twin west",30,1,0,4,0,0,24,0,2,0,0,0,0,0,0,0,0
"172",1997,11,1997-11-05,"twin west",30,2,0,0,0,0,196,0,20,0,0,0,0,0,0,0,0
"173",1997,11,1997-11-05,"twin west",30,3,0,4,0,0,130,0,24,0,0,0,0,0,0,4,0
"174",1997,11,1997-11-05,"twin west",30,4,0,0,0,0,12,0,0,0,0,0,1,0,0,1,0
"175",1997,11,1997-11-05,"twin west",30,5,0,0,0,0,6,0,0,0,0,0,0,0,0,0,0
"176",1997,11,1997-11-05,"twin west",30,6,0,0,0,0,12,0,0,0,0,0,0,0,0,0,0
"177",1997,11,1997-11-05,"twin west",30,7,0,0,0,0,1,0,0,0,0,0,0,0,0,0,0
"178",1997,11,1997-11-05,"twin west",30,8,0,0,0,0,36,0,20,0,0,0,4,0,0,0,0
"179",1997,11,1997-11-05,"twin west",30,9,0,0,0,0,152,0,8,0,0,0,0,0,0,0,0
"180",1997,11,1997-11-05,"twin west",30,10,0,2,0,0,30,0,0,0,0,0,0,0,0,0,0
"181",1998,10,1998-10-13,"twin west",10,1,0,184,0,0,352,0,0,0,32,0,0,0,0,48,0
"182",1998,10,1998-10-13,"twin west",10,2,0,32,0,0,304,0,0,0,0,0,0,0,0,64,0
"183",1998,10,1998-10-13,"twin west",10,3,0,44,0,0,296,0,52,0,0,0,0,0,0,32,0
"184",1998,10,1998-10-13,"twin west",10,4,0,0,0,0,100,0,0,0,0,0,0,0,0,20,0
"185",1998,10,1998-10-13,"twin west",10,5,0,80,0,0,656,0,72,0,0,0,0,0,0,232,0
"186",1998,10,1998-10-13,"twin west",10,6,0,0,0,0,136,0,0,0,0,0,0,0,0,0,0
"187",1998,10,1998-10-13,"twin west",10,7,0,28,0,0,516,0,48,0,0,0,0,0,0,24,0
"188",1998,10,1998-10-13,"twin west",10,8,0,32,0,0,200,0,8,0,0,0,0,0,0,24,0
"189",1998,10,1998-10-13,"twin west",10,9,0,160,0,0,460,0,80,0,0,0,0,0,0,4,0
"190",1998,10,1998-10-13,"twin west",10,10,0,168,0,0,328,0,0,0,8,0,0,0,0,72,0
"191",1998,10,1998-10-13,"twin west",20,1,0,0,0,0,48,0,4,0,0,0,0,0,0,0,0
"192",1998,10,1998-10-13,"twin west",20,2,0,0,0,0,10,0,0,0,0,0,0,0,0,0,0
"193",1998,10,1998-10-13,"twin west",20,3,0,4,0,0,36,0,0,0,4,0,0,0,0,4,0
"194",1998,10,1998-10-13,"twin west",20,4,0,8,0,0,144,0,0,0,88,0,0,0,0,0,0
"195",1998,10,1998-10-13,"twin west",20,5,0,0,0,0,20,0,0,0,0,0,0,0,0,0,0
"196",1998,10,1998-10-13,"twin west",20,6,0,0,0,0,96,0,0,0,32,0,0,0,0,0,0
"197",1998,10,1998-10-13,"twin west",20,7,0,0,0,0,11,0,0,0,0,0,0,0,0,0,0
"198",1998,10,1998-10-13,"twin west",20,8,0,1,0,0,8,0,0,0,1,0,0,0,1,1,0
"199",1998,10,1998-10-13,"twin west",20,9,0,0,0,0,192,0,0,0,8,0,0,0,8,8,0
"200",1998,10,1998-10-13,"twin west",20,10,0,0,0,0,200,0,0,0,0,0,8,0,0,0,0
"201",1998,10,1998-10-13,"twin west",30,1,0,0,0,0,72,0,24,0,0,0,0,0,0,0,0
"202",1998,10,1998-10-13,"twin west",30,2,0,0,0,0,4,0,0,0,0,0,0,0,0,0,0
"203",1998,10,1998-10-13,"twin west",30,3,0,0,0,0,20,0,8,0,0,0,0,0,0,2,0
"204",1998,10,1998-10-13,"twin west",30,4,0,0,0,0,16,0,4,0,0,0,0,0,0,0,0
"205",1998,10,1998-10-13,"twin west",30,5,0,0,0,0,4,0,0,0,0,0,0,0,0,0,0
"206",1998,10,1998-10-13,"twin west",30,6,0,4,0,0,36,0,0,0,4,0,0,0,8,0,0
"207",1998,10,1998-10-13,"twin west",30,7,0,1,0,0,21,0,0,0,0,0,0,0,0,0,0
"208",1998,10,1998-10-13,"twin west",30,8,0,0,0,0,14,0,10,0,0,0,0,0,0,0,0
"209",1998,10,1998-10-13,"twin west",30,9,0,0,0,0,20,0,0,0,16,0,0,0,0,0,0
"210",1998,10,1998-10-13,"twin west",30,10,0,0,0,0,1,0,1,0,0,0,0,0,0,0,0
"211",1998,10,1998-10-20,"diablo",10,1,0,136,0,0,456,0,0,0,16,0,0,0,0,8,0
"212",1998,10,1998-10-20,"diablo",10,2,0,12,0,0,404,0,0,0,8,0,0,0,0,12,0
"213",1998,10,1998-10-20,"diablo",10,3,0,924,0,0,28,0,0,0,0,0,0,0,0,0,0
"214",1998,10,1998-10-20,"diablo",10,4,0,7552,0,0,832,0,0,0,0,0,0,0,0,0,0
"215",1998,10,1998-10-20,"diablo",10,5,0,38,0,0,80,0,10,0,0,0,0,0,0,0,0
"216",1998,10,1998-10-20,"diablo",10,6,0,28,0,0,180,0,0,0,6,0,0,0,0,0,0
"217",1998,10,1998-10-20,"diablo",10,7,0,248,0,0,700,0,0,0,44,0,0,0,0,8,0
"218",1998,10,1998-10-20,"diablo",10,8,0,8768,0,0,448,0,0,0,0,0,0,0,0,0,0
"219",1998,10,1998-10-20,"diablo",10,9,0,72,0,0,324,0,0,0,44,0,0,0,0,12,0
"220",1998,10,1998-10-20,"diablo",10,10,0,48,0,0,456,0,0,0,40,0,0,0,0,16,0
"221",1998,10,1998-10-20,"diablo",20,1,0,0,0,0,148,0,0,0,57,0,0,0,0,1,0
"222",1998,10,1998-10-20,"diablo",20,2,0,0,0,0,104,0,0,0,60,0,4,0,0,0,0
"223",1998,10,1998-10-20,"diablo",20,3,0,0,0,0,18,0,0,0,8,0,0,0,0,2,0
"224",1998,10,1998-10-20,"diablo",20,4,0,0,0,0,72,0,0,0,16,0,0,0,0,0,0
"225",1998,10,1998-10-20,"diablo",20,5,0,4,0,0,72,0,12,0,0,0,0,0,0,0,0
"226",1998,10,1998-10-20,"diablo",20,6,0,4,0,0,48,0,2,0,2,0,0,0,0,0,0
"227",1998,10,1998-10-20,"diablo",20,7,0,16,0,0,328,0,0,0,56,0,0,0,0,0,0
"228",1998,10,1998-10-20,"diablo",20,8,0,0,0,0,208,0,0,0,88,0,0,0,0,24,0
"229",1998,10,1998-10-20,"diablo",20,9,0,0,0,0,10,0,0,0,14,0,0,0,0,0,0
"230",1998,10,1998-10-20,"diablo",20,10,0,0,0,0,40,0,0,0,0,0,0,0,0,0,0
"231",1998,10,1998-10-20,"diablo",30,1,0,60,0,0,304,0,80,0,92,0,4,0,0,0,0
"232",1998,10,1998-10-20,"diablo",30,2,0,12,0,0,228,0,0,0,8,0,0,0,0,0,0
"233",1998,10,1998-10-20,"diablo",30,3,0,24,0,0,80,0,32,0,0,0,0,0,0,0,0
"234",1998,10,1998-10-20,"diablo",30,4,0,0,0,0,600,0,0,0,24,0,0,0,0,0,0
"235",1998,10,1998-10-20,"diablo",30,5,0,0,0,0,64,0,16,0,0,0,0,0,0,0,0
"236",1998,10,1998-10-20,"diablo",30,6,0,8,0,0,280,0,0,0,56,0,0,0,0,0,0
"237",1998,10,1998-10-20,"diablo",30,7,0,4,0,0,88,0,8,0,0,0,0,0,0,0,0
"238",1998,10,1998-10-20,"diablo",30,8,0,0,0,0,40,0,0,0,16,0,0,0,0,0,0
"239",1998,10,1998-10-20,"diablo",30,9,0,14,0,0,34,0,0,0,0,0,0,0,0,0,0
"240",1998,10,1998-10-20,"diablo",30,10,0,0,0,0,36,0,0,0,0,0,0,0,0,0,0
"241",1998,10,1998-10-21,"bc 1",10,1,0,42,0,0,152,0,0,0,28,0,0,0,0,4,0
"242",1998,10,1998-10-21,"bc 1",10,2,0,42,0,0,92,0,0,0,8,0,0,0,0,28,0
"243",1998,10,1998-10-21,"bc 1",10,3,0,8,0,0,156,0,0,0,24,0,0,0,0,0,0
"244",1998,10,1998-10-21,"bc 1",10,4,0,112,0,0,976,0,48,0,0,0,0,0,0,16,0
"245",1998,10,1998-10-21,"bc 1",10,5,0,4,0,0,164,0,18,0,0,0,0,0,0,2,0
"246",1998,10,1998-10-21,"bc 1",10,6,0,8,0,0,83,0,1,0,0,0,0,0,0,14,0
"247",1998,10,1998-10-21,"bc 1",10,7,0,9,0,0,10,0,5,0,0,0,0,0,0,2,0
"248",1998,10,1998-10-21,"bc 1",10,8,0,16,0,0,150,0,10,0,0,0,0,0,0,10,0
"249",1998,10,1998-10-21,"bc 1",10,9,0,200,0,0,1032,0,16,0,0,0,0,0,0,0,0
"250",1998,10,1998-10-21,"bc 1",10,10,0,28,0,0,200,0,6,0,0,0,0,0,0,2,0
"251",1998,10,1998-10-21,"bc 1",20,1,0,1,0,0,51,0,5,0,0,0,0,0,0,2,0
"252",1998,10,1998-10-21,"bc 1",20,2,0,0,0,0,72,0,8,0,0,0,0,0,0,4,0
"253",1998,10,1998-10-21,"bc 1",20,3,0,0,0,0,216,0,0,0,0,0,0,0,0,4,0
"254",1998,10,1998-10-21,"bc 1",20,4,0,0,0,0,40,0,0,0,2,0,0,0,4,0,0
"255",1998,10,1998-10-21,"bc 1",20,5,0,0,0,0,2,0,0,0,0,0,0,0,0,1,0
"256",1998,10,1998-10-21,"bc 1",20,6,0,0,0,0,14,0,0,0,7,0,1,0,0,1,0
"257",1998,10,1998-10-21,"bc 1",20,7,0,0,0,0,32,0,0,0,24,0,0,0,0,24,0
"258",1998,10,1998-10-21,"bc 1",20,8,0,0,0,0,74,0,0,0,0,0,0,0,0,2,0
"259",1998,10,1998-10-21,"bc 1",20,9,0,0,0,0,56,0,16,0,0,0,0,0,0,0,0
"260",1998,10,1998-10-21,"bc 1",20,10,0,1,0,0,38,0,0,0,4,0,0,0,0,1,0
"261",1998,10,1998-10-21,"bc 1",30,1,0,0,0,0,16,0,0,0,0,0,0,0,0,0,0
"262",1998,10,1998-10-21,"bc 1",30,2,0,0,0,0,56,0,0,0,0,0,0,0,0,0,0
"263",1998,10,1998-10-21,"bc 1",30,3,0,0,0,0,64,0,0,0,0,0,0,0,0,0,0
"264",1998,10,1998-10-21,"bc 1",30,4,0,0,0,0,16,0,0,0,0,0,0,0,0,0,0
"265",1998,10,1998-10-21,"bc 1",30,5,0,0,0,0,24,0,6,0,0,0,0,0,0,0,0
"266",1998,10,1998-10-21,"bc 1",30,6,0,0,0,0,2,0,0,0,0,0,0,0,0,0,0
"267",1998,10,1998-10-21,"bc 1",30,7,0,0,0,0,6,0,0,0,0,0,0,0,0,0,0
"268",1998,10,1998-10-21,"bc 1",30,8,0,0,0,0,8,0,4,0,0,0,0,0,0,0,0
"269",1998,10,1998-10-21,"bc 1",30,9,0,32,0,0,136,0,8,0,0,0,0,0,0,8,0
"270",1998,10,1998-10-21,"bc 1",30,10,0,0,0,0,16,0,0,0,0,0,0,0,0,0,0
"271",1999,11,1999-11-09,"twin west",10,1,0,160,0,0,960,0,288,0,0,0,0,0,0,160,0
"272",1999,11,1999-11-09,"twin west",10,2,0,1200,0,0,480,0,0,0,0,0,0,0,0,48,0
"273",1999,11,1999-11-09,"twin west",10,3,0,6176,0,0,864,0,0,0,128,0,0,0,0,96,0
"274",1999,11,1999-11-09,"twin west",10,4,0,3856,0,0,704,0,128,0,0,0,0,0,0,32,0
"275",1999,11,1999-11-09,"twin west",10,5,0,20,0,0,188,0,0,0,16,0,0,0,0,12,0
"276",1999,11,1999-11-09,"twin west",10,6,0,38,0,0,113,0,0,0,10,0,0,0,0,3,0
"277",1999,11,1999-11-09,"twin west",10,7,0,6400,0,0,11648,0,2304,0,0,0,0,0,0,896,0
"278",1999,11,1999-11-09,"twin west",10,8,0,12608,0,0,448,0,0,0,0,0,0,0,0,0,0
"279",1999,11,1999-11-09,"twin west",10,9,0,8032,0,0,448,0,0,0,96,0,0,0,0,256,0
"280",1999,11,1999-11-09,"twin west",10,10,0,1664,0,0,32,0,0,0,0,0,0,0,0,0,0
"281",1999,11,1999-11-09,"twin west",20,1,0,112,0,0,864,0,64,0,0,0,0,0,0,32,0
"282",1999,11,1999-11-09,"twin west",20,2,0,20,0,0,122,0,14,0,0,0,0,0,0,4,0
"283",1999,11,1999-11-09,"twin west",20,3,0,10,0,0,14,0,4,0,0,0,0,0,0,4,0
"284",1999,11,1999-11-09,"twin west",20,4,0,144,0,0,192,0,0,0,0,0,0,0,16,16,0
"285",1999,11,1999-11-09,"twin west",20,5,0,160,0,0,336,0,0,0,80,0,0,0,0,80,0
"286",1999,11,1999-11-09,"twin west",20,6,0,72,0,0,648,0,88,0,0,0,0,0,0,24,0
"287",1999,11,1999-11-09,"twin west",20,7,0,0,0,0,44,0,0,0,0,0,0,0,0,0,0
"288",1999,11,1999-11-09,"twin west",20,8,0,10,0,0,40,0,22,0,0,0,0,0,0,12,0
"289",1999,11,1999-11-09,"twin west",20,9,0,328,0,0,560,0,168,0,0,0,0,0,0,104,0
"290",1999,11,1999-11-09,"twin west",20,10,0,5,0,0,14,0,4,0,0,0,0,0,0,2,0
"291",1999,11,1999-11-09,"twin west",30,1,0,0,0,0,26,0,0,0,0,0,0,0,0,0,0
"292",1999,11,1999-11-09,"twin west",30,2,0,64,0,0,14,0,4,0,0,0,0,0,0,0,0
"293",1999,11,1999-11-09,"twin west",30,3,0,24,0,0,264,0,0,0,0,0,0,0,0,0,0
"294",1999,11,1999-11-09,"twin west",30,4,0,70,0,0,80,0,8,0,0,0,0,0,0,4,0
"295",1999,11,1999-11-09,"twin west",30,5,0,6,0,0,49,0,1,0,1,0,0,0,0,2,0
"296",1999,11,1999-11-09,"twin west",30,6,0,12,0,0,28,0,0,0,0,0,0,0,0,4,0
"297",1999,11,1999-11-09,"twin west",30,7,0,2,0,0,53,0,7,0,0,0,0,0,0,0,0
"298",1999,11,1999-11-09,"twin west",30,8,0,0,0,0,1,0,0,0,0,0,0,0,0,0,0
"299",1999,11,1999-11-09,"twin west",30,9,0,0,0,0,0,0,0,0,1,0,0,0,0,0,0
"300",1999,11,1999-11-09,"twin west",30,10,0,12,0,0,26,0,2,0,0,0,0,0,0,0,0
"301",1999,11,1999-11-15,"bc 1",10,1,0,44,0,0,33,0,9,0,0,0,0,0,0,1,0
"302",1999,11,1999-11-15,"bc 1",10,2,0,48,0,0,280,0,8,0,24,0,0,0,0,0,0
"303",1999,11,1999-11-15,"bc 1",10,3,0,181,0,0,48,0,2,0,1,0,0,0,0,0,0
"304",1999,11,1999-11-15,"bc 1",10,4,0,78,0,0,104,0,2,0,4,0,0,0,0,4,0
"305",1999,11,1999-11-15,"bc 1",10,5,0,88,0,0,184,0,0,0,4,0,0,0,0,54,0
"306",1999,11,1999-11-15,"bc 1",10,6,0,352,0,0,1664,0,64,0,0,0,0,0,0,0,0
"307",1999,11,1999-11-15,"bc 1",10,7,0,4912,0,0,336,0,0,0,0,0,0,0,0,64,0
"308",1999,11,1999-11-15,"bc 1",10,8,0,40,0,0,74,0,2,0,1,0,0,0,0,4,0
"309",1999,11,1999-11-15,"bc 1",10,9,0,352,0,0,2656,0,224,0,0,0,0,0,0,64,0
"310",1999,11,1999-11-15,"bc 1",10,10,0,226,0,0,64,0,0,0,4,0,0,0,0,0,0
"311",1999,11,1999-11-15,"bc 1",20,1,0,26,0,0,88,0,10,0,2,0,0,0,0,2,0
"312",1999,11,1999-11-15,"bc 1",20,2,0,5,0,0,31,0,0,0,6,0,0,0,0,0,0
"313",1999,11,1999-11-15,"bc 1",20,3,0,0,0,0,2,0,0,0,0,0,0,0,0,1,0
"314",1999,11,1999-11-15,"bc 1",20,4,0,0,0,0,28,0,8,0,4,0,0,0,0,0,0
"315",1999,11,1999-11-15,"bc 1",20,5,0,64,0,0,200,0,32,0,0,0,0,0,0,24,0
"316",1999,11,1999-11-15,"bc 1",20,6,0,6,0,0,64,0,2,0,0,0,0,0,0,6,0
"317",1999,11,1999-11-15,"bc 1",20,7,0,6,0,0,82,0,6,0,0,0,0,0,0,8,0
"318",1999,11,1999-11-15,"bc 1",20,8,0,53,0,0,20,0,2,0,2,0,0,0,0,0,0
"319",1999,11,1999-11-15,"bc 1",20,9,0,2,0,0,18,0,2,0,2,0,0,0,0,4,0
"320",1999,11,1999-11-15,"bc 1",20,10,0,0,0,0,26,0,0,0,2,0,0,0,0,0,0
"321",1999,11,1999-11-15,"bc 1",30,1,0,0,0,0,2,0,2,0,0,0,0,0,0,0,0
"322",1999,11,1999-11-15,"bc 1",30,2,0,1,0,0,0,0,0,0,0,0,0,0,0,0,0
"323",1999,11,1999-11-15,"bc 1",30,3,0,0,0,0,2,0,1,0,0,0,0,0,0,0,0
"324",1999,11,1999-11-15,"bc 1",30,4,0,0,0,0,9,0,4,0,2,0,0,0,0,1,0
"325",1999,11,1999-11-15,"bc 1",30,5,0,0,0,0,12,0,0,0,0,0,0,0,0,4,0
"326",1999,11,1999-11-15,"bc 1",30,6,0,3,0,0,17,0,2,0,0,0,0,0,0,1,0
"327",1999,11,1999-11-15,"bc 1",30,7,0,4,0,0,1,0,0,0,3,0,0,0,0,0,0
"328",1999,11,1999-11-15,"bc 1",30,8,0,0,0,0,3,0,0,0,0,0,0,0,0,0,0
"329",1999,11,1999-11-15,"bc 1",30,9,0,82,0,0,22,0,4,0,0,0,0,0,0,0,0
"330",1999,11,1999-11-15,"bc 1",30,10,0,15,0,0,4,0,0,0,0,0,0,0,0,1,0
"331",2000,11,2000-11-02,"bc 1",10,1,0,0,0,0,7,0,1,0,0,0,0,0,0,1,0
"332",2000,11,2000-11-02,"bc 1",10,2,0,2,0,0,21,0,0,0,5,0,0,0,0,0,0
"333",2000,11,2000-11-02,"bc 1",10,3,0,0,0,0,14,0,2,0,0,0,0,0,0,0,0
"334",2000,11,2000-11-02,"bc 1",10,4,0,64,0,0,1024,0,40,0,8,0,0,0,0,80,0
"335",2000,11,2000-11-02,"bc 1",10,5,0,584,0,0,440,0,8,0,0,0,0,0,0,8,0
"336",2000,11,2000-11-02,"bc 1",10,6,0,24,0,0,456,0,16,0,64,0,0,0,0,0,0
"337",2000,11,2000-11-02,"bc 1",10,7,0,119,0,0,34,0,1,0,0,0,0,0,0,5,0
"338",2000,11,2000-11-02,"bc 1",10,8,0,4,0,0,148,0,8,0,0,0,0,0,0,0,0
"339",2000,11,2000-11-02,"bc 1",10,9,0,7,0,0,75,0,5,0,0,0,0,0,0,1,0
"340",2000,11,2000-11-02,"bc 1",10,10,0,8,0,0,24,0,16,0,0,0,0,0,0,24,0
"341",2000,11,2000-11-02,"bc 1",20,1,0,9,0,0,107,0,4,0,0,0,0,0,0,0,0
"342",2000,11,2000-11-02,"bc 1",20,2,0,8,0,0,88,0,56,0,0,0,0,0,0,0,0
"343",2000,11,2000-11-02,"bc 1",20,3,0,33,0,0,130,0,12,0,0,0,0,0,0,3,0
"344",2000,11,2000-11-02,"bc 1",20,4,0,0,0,0,25,0,1,0,0,0,0,0,1,3,0
"345",2000,11,2000-11-02,"bc 1",20,5,0,0,0,0,72,0,0,0,0,0,0,0,0,8,0
"346",2000,11,2000-11-02,"bc 1",20,6,0,44,0,0,154,0,3,0,0,0,0,0,0,4,0
"347",2000,11,2000-11-02,"bc 1",20,7,0,1,0,0,2,0,1,0,0,0,0,0,23,0,0
"348",2000,11,2000-11-02,"bc 1",20,8,0,1,0,0,8,0,0,0,0,0,0,0,0,0,0
"349",2000,11,2000-11-02,"bc 1",20,9,0,0,0,0,104,0,24,0,0,0,0,0,16,0,0
"350",2000,11,2000-11-02,"bc 1",20,10,0,18,0,0,92,0,0,0,2,0,0,0,0,2,0
"351",2000,11,2000-11-02,"bc 1",30,1,0,2,0,0,10,0,7,0,0,0,0,0,9,1,0
"352",2000,11,2000-11-02,"bc 1",30,2,0,0,0,0,880,0,16,0,0,0,0,0,0,16,0
"353",2000,11,2000-11-02,"bc 1",30,3,0,2,0,0,66,0,4,0,2,0,0,0,0,0,0
"354",2000,11,2000-11-02,"bc 1",30,4,0,2,0,0,188,0,18,0,0,0,0,0,0,10,0
"355",2000,11,2000-11-02,"bc 1",30,5,0,1,0,0,7,0,2,0,8,0,0,0,12,0,0
"356",2000,11,2000-11-02,"bc 1",30,6,0,0,0,0,28,0,4,0,0,0,0,0,20,16,0
"357",2000,11,2000-11-02,"bc 1",30,7,0,0,0,0,3,0,0,0,7,0,0,0,20,0,0
"358",2000,11,2000-11-02,"bc 1",30,8,0,0,0,0,12,0,16,0,0,0,0,0,4,0,0
"359",2000,11,2000-11-02,"bc 1",30,9,0,6,0,0,78,0,4,0,0,0,0,0,0,6,0
"360",2000,11,2000-11-02,"bc 1",30,10,0,768,0,0,7936,0,0,0,0,0,0,0,0,128,0
"361",2000,11,2000-11-16,"twin west",10,1,0,6400,0,0,192,0,32,0,32,0,0,0,0,0,0
"362",2000,11,2000-11-16,"twin west",10,2,0,44,0,0,181,0,8,0,0,0,0,0,0,5,0
"363",2000,11,2000-11-16,"twin west",10,3,0,5248,0,0,512,0,0,0,64,0,0,0,0,64,0
"364",2000,11,2000-11-16,"twin west",10,4,0,652,0,0,224,0,8,0,0,0,0,0,0,36,0
"365",2000,11,2000-11-16,"twin west",10,5,0,13184,0,0,416,0,0,0,0,0,0,0,0,32,0
"366",2000,11,2000-11-16,"twin west",10,6,0,14912,0,0,256,0,0,0,0,0,0,0,0,64,0
"367",2000,11,2000-11-16,"twin west",10,7,0,1056,0,0,296,0,24,0,0,0,0,0,0,24,0
"368",2000,11,2000-11-16,"twin west",10,8,0,11,0,0,92,0,45,0,0,0,0,0,0,1,0
"369",2000,11,2000-11-16,"twin west",10,9,0,68,0,0,254,0,6,0,0,0,0,0,0,5,0
"370",2000,11,2000-11-16,"twin west",10,10,0,672,0,0,904,0,176,0,0,0,0,0,0,56,0
"371",2000,11,2000-11-16,"twin west",20,1,0,320,0,0,1008,0,80,0,0,0,0,0,16,48,0
"372",2000,11,2000-11-16,"twin west",20,2,0,112,0,0,1152,0,80,0,0,0,0,0,0,0,0
"373",2000,11,2000-11-16,"twin west",20,3,0,928,0,0,3456,0,800,0,0,0,0,0,0,128,0
"374",2000,11,2000-11-16,"twin west",20,4,0,328,0,0,968,0,136,0,8,0,0,0,0,48,0
"375",2000,11,2000-11-16,"twin west",20,5,0,8,0,0,284,0,0,0,56,0,0,0,0,24,0
"376",2000,11,2000-11-16,"twin west",20,6,0,96,0,0,264,0,32,0,0,0,0,0,0,0,0
"377",2000,11,2000-11-16,"twin west",20,7,0,120,0,0,584,0,160,0,0,0,0,0,0,24,0
"378",2000,11,2000-11-16,"twin west",20,8,0,4,0,0,5,0,1,0,0,0,0,0,0,0,0
"379",2000,11,2000-11-16,"twin west",20,9,0,128,0,0,576,0,40,0,0,0,0,0,0,0,0
"380",2000,11,2000-11-16,"twin west",20,10,0,2,0,0,12,0,2,0,6,0,0,0,54,0,0
"381",2000,11,2000-11-16,"twin west",30,1,0,0,0,0,15,0,0,0,17,0,0,0,10,3,0
"382",2000,11,2000-11-16,"twin west",30,2,0,0,0,0,5,0,18,0,0,0,0,0,0,0,0
"383",2000,11,2000-11-16,"twin west",30,3,0,12,0,0,124,0,4,0,0,0,0,0,0,0,0
"384",2000,11,2000-11-16,"twin west",30,4,0,8,0,0,544,0,16,0,16,0,0,0,0,0,0
"385",2000,11,2000-11-16,"twin west",30,5,0,16,0,0,456,0,56,0,0,0,0,0,0,8,0
"386",2000,11,2000-11-16,"twin west",30,6,0,3,0,0,11,0,2,0,0,0,0,0,0,0,0
"387",2000,11,2000-11-16,"twin west",30,7,0,0,0,0,2,0,20,0,0,0,0,0,2,0,0
"388",2000,11,2000-11-16,"twin west",30,8,0,60,0,0,84,0,0,0,4,0,0,0,0,0,0
"389",2000,11,2000-11-16,"twin west",30,9,0,3,0,0,21,0,0,0,0,0,0,0,0,0,0
"390",2000,11,2000-11-16,"twin west",30,10,0,8,0,0,32,0,42,0,0,0,0,0,0,4,0
"391",2000,11,2000-11-21,"diablo",10,1,0,0,0,0,0,0,0,0,0,0,0,0,0,0,0
"392",2000,11,2000-11-21,"diablo",10,2,0,544,0,0,112,0,12,0,0,0,0,0,0,0,0
"393",2000,11,2000-11-21,"diablo",10,3,0,7808,0,0,832,0,0,0,0,0,0,0,0,0,0
"394",2000,11,2000-11-21,"diablo",10,4,0,14400,0,0,4096,0,128,0,0,0,0,0,0,0,0
"395",2000,11,2000-11-21,"diablo",10,5,0,672,0,0,2272,0,32,0,160,0,0,0,0,32,0
"396",2000,11,2000-11-21,"diablo",10,6,0,1320,0,0,984,0,32,0,0,0,0,0,0,32,0
"397",2000,11,2000-11-21,"diablo",10,7,0,1472,0,0,528,0,0,0,16,0,0,0,0,0,0
"398",2000,11,2000-11-21,"diablo",10,8,0,238,0,0,168,0,19,0,0,0,0,0,0,2,0
"399",2000,11,2000-11-21,"diablo",10,9,0,46080,0,0,768,0,0,0,0,0,0,0,0,0,0
"400",2000,11,2000-11-21,"diablo",10,10,0,1856,0,0,2800,0,0,0,0,0,0,0,0,0,0
"401",2000,11,2000-11-21,"diablo",20,1,0,8,0,0,564,0,32,0,0,0,0,0,0,0,0
"402",2000,11,2000-11-21,"diablo",20,2,0,2,0,0,38,0,1,0,0,0,0,0,0,1,0
"403",2000,11,2000-11-21,"diablo",20,3,0,864,0,0,2720,0,96,0,0,0,0,0,0,0,0
"404",2000,11,2000-11-21,"diablo",20,4,0,14656,0,0,1600,0,0,0,0,0,0,0,0,64,0
"405",2000,11,2000-11-21,"diablo",20,5,0,320,0,0,688,0,16,0,0,0,0,0,0,0,0
"406",2000,11,2000-11-21,"diablo",20,6,0,112,0,0,800,0,16,0,0,0,0,0,0,40,0
"407",2000,11,2000-11-21,"diablo",20,7,0,27648,0,0,2304,0,256,0,0,0,0,0,0,512,0
"408",2000,11,2000-11-21,"diablo",20,8,0,8,0,0,174,0,0,0,0,0,0,0,16,0,0
"409",2000,11,2000-11-21,"diablo",20,9,0,80,0,0,952,0,32,0,0,0,0,0,0,8,0
"410",2000,11,2000-11-21,"diablo",20,10,0,256,0,0,1472,0,0,0,80,0,0,0,0,16,0
"411",2000,11,2000-11-21,"diablo",30,1,0,4,0,0,116,0,14,0,0,0,0,0,52,8,0
"412",2000,11,2000-11-21,"diablo",30,2,0,8,0,0,124,0,36,0,0,0,0,0,28,4,0
"413",2000,11,2000-11-21,"diablo",30,3,0,2,0,0,48,0,10,0,0,0,0,0,24,0,0
"414",2000,11,2000-11-21,"diablo",30,4,0,160,0,0,1600,0,40,0,8,0,0,0,0,48,0
"415",2000,11,2000-11-21,"diablo",30,5,0,72,0,0,292,0,52,0,0,0,0,0,8,0,0
"416",2000,11,2000-11-21,"diablo",30,6,0,20,0,0,156,0,16,0,0,0,0,0,20,0,0
"417",2000,11,2000-11-21,"diablo",30,7,0,36,0,0,26,0,16,0,0,0,0,0,102,0,0
"418",2000,11,2000-11-21,"diablo",30,8,0,88,0,0,680,0,8,0,8,0,0,0,8,0,0
"419",2000,11,2000-11-21,"diablo",30,9,0,2,0,0,13,0,7,0,0,0,0,0,0,0,0
"420",2000,11,2000-11-21,"diablo",30,10,0,0,0,0,48,0,9,0,0,0,0,0,0,0,0
"421",2001,10,2001-10-31,"bc 1",10,1,0,1888,0,0,400,0,16,0,0,0,0,0,0,0,0
"422",2001,10,2001-10-31,"bc 1",10,2,0,3,0,0,31,0,0,0,6,0,0,0,0,0,0
"423",2001,10,2001-10-31,"bc 1",10,3,0,7,0,0,31,0,0,0,2,0,0,0,0,0,0
"424",2001,10,2001-10-31,"bc 1",10,4,0,39,0,0,126,0,0,0,19,0,0,0,0,3,0
"425",2001,10,2001-10-31,"bc 1",10,5,0,59,0,0,48,0,1,0,0,0,0,0,0,2,0
"426",2001,10,2001-10-31,"bc 1",10,6,0,10,0,0,122,0,0,0,36,0,0,0,0,2,0
"427",2001,10,2001-10-31,"bc 1",10,7,0,4,0,0,43,0,1,0,3,0,0,0,0,1,0
"428",2001,10,2001-10-31,"bc 1",10,8,0,52,0,0,344,0,16,0,0,0,0,0,0,8,0
"429",2001,10,2001-10-31,"bc 1",10,9,0,32,0,0,372,0,4,0,28,0,0,0,0,28,0
"430",2001,10,2001-10-31,"bc 1",10,10,0,212,0,0,324,0,0,0,4,0,0,0,0,0,0
"431",2001,10,2001-10-31,"bc 1",20,1,0,6,0,0,196,0,0,0,2,0,0,0,0,2,0
"432",2001,10,2001-10-31,"bc 1",20,2,0,3,0,0,48,0,0,0,2,0,0,0,0,1,0
"433",2001,10,2001-10-31,"bc 1",20,3,0,176,0,0,1232,0,0,0,32,0,0,0,0,16,0
"434",2001,10,2001-10-31,"bc 1",20,4,0,0,0,0,13,0,1,0,0,0,0,0,0,0,0
"435",2001,10,2001-10-31,"bc 1",20,5,0,4,0,0,75,0,3,0,15,0,0,0,0,0,0
"436",2001,10,2001-10-31,"bc 1",20,6,0,272,0,0,2208,0,16,0,112,0,16,0,0,48,0
"437",2001,10,2001-10-31,"bc 1",20,7,0,19,0,0,74,0,0,0,29,0,0,0,0,1,0
"438",2001,10,2001-10-31,"bc 1",20,8,0,2,0,0,14,0,7,0,5,0,0,0,0,0,0
"439",2001,10,2001-10-31,"bc 1",20,9,0,2,0,0,11,0,3,0,0,0,0,0,0,0,0
"440",2001,10,2001-10-31,"bc 1",20,10,0,1,0,0,60,0,0,0,0,0,0,0,0,0,0
"441",2001,10,2001-10-31,"bc 1",30,1,0,0,0,0,38,0,14,0,16,0,0,0,30,0,0
"442",2001,10,2001-10-31,"bc 1",30,2,0,128,0,0,2464,0,32,0,0,0,0,0,0,0,0
"443",2001,10,2001-10-31,"bc 1",30,3,0,1,0,0,47,0,6,0,2,0,0,0,12,0,0
"444",2001,10,2001-10-31,"bc 1",30,4,0,2,0,0,268,0,26,0,12,0,0,0,0,2,0
"445",2001,10,2001-10-31,"bc 1",30,5,0,0,0,0,31,0,15,0,7,0,0,0,0,0,0
"446",2001,10,2001-10-31,"bc 1",30,6,0,2,0,0,48,0,20,0,0,0,0,0,0,1,0
"447",2001,10,2001-10-31,"bc 1",30,7,0,1,0,0,17,0,6,0,0,0,0,0,18,0,0
"448",2001,10,2001-10-31,"bc 1",30,8,0,1,0,0,20,0,17,0,16,0,0,0,75,4,0
"449",2001,10,2001-10-31,"bc 1",30,9,0,2,0,0,72,0,21,0,0,0,0,0,2,0,0
"450",2001,10,2001-10-31,"bc 1",30,10,0,1,0,0,10,0,6,0,4,0,0,0,3,0,0
"451",2001,11,2001-11-09,"twin west",10,1,0,7,0,0,4,0,0,0,2,0,0,0,0,1,0
"452",2001,11,2001-11-09,"twin west",10,2,0,9472,0,0,1920,0,256,0,0,0,0,0,0,640,0
"453",2001,11,2001-11-09,"twin west",10,3,0,144,0,0,1744,0,128,0,64,0,0,0,16,16,0
"454",2001,11,2001-11-09,"twin west",10,4,0,992,0,0,1376,0,160,0,192,0,0,0,0,160,0
"455",2001,11,2001-11-09,"twin west",10,5,0,384,0,0,1824,0,32,0,144,0,0,0,0,32,0
"456",2001,11,2001-11-09,"twin west",10,6,0,3472,0,0,1104,0,32,0,48,0,0,0,0,64,0
"457",2001,11,2001-11-09,"twin west",10,7,0,1536,0,0,256,0,16,0,0,0,0,0,0,16,0
"458",2001,11,2001-11-09,"twin west",10,8,0,300,0,0,520,0,16,0,0,0,0,0,0,40,0
"459",2001,11,2001-11-09,"twin west",10,9,0,2720,0,0,352,0,32,0,0,0,0,0,0,96,0
"460",2001,11,2001-11-09,"twin west",10,10,0,224,0,0,912,0,40,0,16,0,0,0,0,32,0
"461",2001,11,2001-11-09,"twin west",20,1,0,848,0,0,992,0,128,0,48,0,0,0,0,64,0
"462",2001,11,2001-11-09,"twin west",20,2,0,16,0,0,340,0,0,0,0,0,0,0,0,8,0
"463",2001,11,2001-11-09,"twin west",20,3,0,5,0,0,29,0,2,0,0,0,0,0,0,0,0
"464",2001,11,2001-11-09,"twin west",20,4,0,288,0,0,5440,0,96,0,64,0,0,0,0,0,0
"465",2001,11,2001-11-09,"twin west",20,5,0,2,0,0,70,0,3,0,1,0,0,0,2,3,0
"466",2001,11,2001-11-09,"twin west",20,6,0,20096,0,0,896,0,0,0,0,0,0,0,0,0,0
"467",2001,11,2001-11-09,"twin west",20,7,0,27264,0,0,640,0,128,0,0,0,0,0,0,0,0
"468",2001,11,2001-11-09,"twin west",20,8,0,21,0,0,4,0,0,0,1,0,0,0,0,0,0
"469",2001,11,2001-11-09,"twin west",20,9,0,4,0,0,144,0,30,0,12,0,0,0,2,2,0
"470",2001,11,2001-11-09,"twin west",20,10,0,21888,0,0,1664,0,128,0,0,0,0,0,0,0,0
"471",2001,11,2001-11-09,"twin west",30,1,0,9,0,0,3,0,2,0,5,0,0,0,2,4,0
"472",2001,11,2001-11-09,"twin west",30,2,0,32,0,0,1200,0,80,0,48,0,0,0,16,0,0
"473",2001,11,2001-11-09,"twin west",30,3,0,128,0,0,1120,0,32,0,0,0,0,0,0,0,0
"474",2001,11,2001-11-09,"twin west",30,4,0,14,0,0,13,0,13,0,5,0,1,0,3,0,0
"475",2001,11,2001-11-09,"twin west",30,5,0,13,0,0,20,0,0,0,12,0,0,0,2,3,0
"476",2001,11,2001-11-09,"twin west",30,6,0,3,0,0,12,0,4,0,6,0,0,0,3,0,0
"477",2001,11,2001-11-09,"twin west",30,7,0,17,0,0,12,0,3,0,2,0,0,0,1,0,0
"478",2001,11,2001-11-09,"twin west",30,8,0,80,0,0,1328,0,208,0,0,0,0,0,64,48,0
"479",2001,11,2001-11-09,"twin west",30,9,0,128,0,0,1296,0,48,0,0,0,0,0,0,32,0
"480",2001,11,2001-11-09,"twin west",30,10,0,7,0,0,58,0,7,0,0,0,0,0,0,1,0
"481",2001,11,2001-11-27,"diablo",10,1,0,2848,0,0,352,0,0,0,0,0,0,0,0,0,0
"482",2001,11,2001-11-27,"diablo",10,2,0,1984,0,0,1360,0,16,0,0,0,0,0,0,16,0
"483",2001,11,2001-11-27,"diablo",10,3,0,344,0,0,1240,0,0,0,24,0,0,0,0,0,0
"484",2001,11,2001-11-27,"diablo",10,4,0,72,0,0,664,0,0,0,20,0,0,0,0,4,0
"485",2001,11,2001-11-27,"diablo",10,5,0,48,0,0,1584,0,0,0,0,0,0,0,0,16,0
"486",2001,11,2001-11-27,"diablo",10,6,0,9728,0,0,2944,0,0,0,0,0,0,0,0,128,0
"487",2001,11,2001-11-27,"diablo",10,7,0,100,0,0,276,0,0,0,0,0,0,0,0,0,0
"488",2001,11,2001-11-27,"diablo",10,8,0,2992,0,0,1104,0,80,0,0,0,0,0,0,48,0
"489",2001,11,2001-11-27,"diablo",10,9,0,7808,0,0,896,0,0,0,64,0,0,0,0,128,0
"490",2001,11,2001-11-27,"diablo",10,10,0,328,0,0,256,0,0,0,16,0,0,0,0,0,0
"491",2001,11,2001-11-27,"diablo",20,1,0,13568,0,0,896,0,64,0,0,0,0,0,0,0,0
"492",2001,11,2001-11-27,"diablo",20,2,0,1172,0,0,944,0,0,0,0,0,0,0,0,48,0
"493",2001,11,2001-11-27,"diablo",20,3,0,12160,0,0,1664,0,0,0,0,0,0,0,0,128,0
"494",2001,11,2001-11-27,"diablo",20,4,0,2304,0,0,1408,0,0,0,0,0,0,0,0,0,0
"495",2001,11,2001-11-27,"diablo",20,5,0,4640,0,0,1152,0,0,0,0,0,0,0,0,96,0
"496",2001,11,2001-11-27,"diablo",20,6,0,65,0,0,51,0,2,0,0,0,0,0,0,1,0
"497",2001,11,2001-11-27,"diablo",20,7,0,168,0,0,264,0,8,0,4,0,0,0,0,0,0
"498",2001,11,2001-11-27,"diablo",20,8,0,216,0,0,960,0,0,0,32,0,0,0,0,0,0
"499",2001,11,2001-11-27,"diablo",20,9,0,768,0,0,544,0,16,0,0,0,0,0,0,0,0
"500",2001,11,2001-11-27,"diablo",20,10,0,31,0,0,292,0,12,0,0,0,0,0,0,3,0
"501",2001,11,2001-11-27,"diablo",30,1,0,144,0,0,568,0,24,0,20,0,0,0,8,4,0
"502",2001,11,2001-11-27,"diablo",30,2,0,48,0,0,656,0,0,0,16,0,0,0,28,16,0
"503",2001,11,2001-11-27,"diablo",30,3,0,16,0,0,728,0,32,0,0,0,0,0,40,8,0
"504",2001,11,2001-11-27,"diablo",30,4,0,272,0,0,1552,0,48,0,32,0,0,0,0,48,0
"505",2001,11,2001-11-27,"diablo",30,5,0,16,0,0,432,0,0,0,72,0,0,0,0,0,0
"506",2001,11,2001-11-27,"diablo",30,6,0,88,0,0,600,0,0,0,24,0,0,0,0,0,0
"507",2001,11,2001-11-27,"diablo",30,7,0,264,0,0,888,0,24,0,0,0,0,0,0,16,0
"508",2001,11,2001-11-27,"diablo",30,8,0,96,0,0,1984,0,160,0,32,0,0,0,0,32,0
"509",2001,11,2001-11-27,"diablo",30,9,0,4800,0,0,1856,0,64,0,64,0,0,0,0,64,0
"510",2001,11,2001-11-27,"diablo",30,10,0,128,0,0,1120,0,0,0,0,0,0,0,0,0,0
"511",2002,11,2002-11-21,"diablo",10,1,0,1056,0,0,960,0,64,0,32,0,0,0,0,48,0
"512",2002,11,2002-11-21,"diablo",10,2,0,80,0,0,552,0,64,0,44,0,0,0,0,4,0
"513",2002,11,2002-11-21,"diablo",10,3,0,1304,0,0,868,0,60,0,44,0,0,0,0,20,0
"514",2002,11,2002-11-21,"diablo",10,4,0,44,0,0,548,0,36,0,28,0,0,0,0,0,0
"515",2002,11,2002-11-21,"diablo",10,5,0,560,0,0,892,0,60,0,0,0,0,0,4,20,0
"516",2002,11,2002-11-21,"diablo",10,6,0,136,0,0,584,0,84,0,12,0,0,0,0,0,0
"517",2002,11,2002-11-21,"diablo",10,7,0,16,0,0,200,0,18,0,12,0,0,0,0,2,0
"518",2002,11,2002-11-21,"diablo",10,8,0,6,0,0,42,0,0,0,0,0,0,0,0,17,0
"519",2002,11,2002-11-21,"diablo",10,9,0,32,0,0,768,0,24,0,32,0,0,0,0,8,0
"520",2002,11,2002-11-21,"diablo",10,10,0,40,0,0,116,0,42,0,0,0,0,0,0,6,0
"521",2002,11,2002-11-21,"diablo",20,1,0,576,0,0,2112,0,480,0,32,0,0,0,0,0,0
"522",2002,11,2002-11-21,"diablo",20,2,0,5,0,0,17,0,0,0,0,0,0,0,0,7,0
"523",2002,11,2002-11-21,"diablo",20,3,0,256,0,0,2272,0,192,0,0,0,0,0,0,32,0
"524",2002,11,2002-11-21,"diablo",20,4,0,704,0,0,1552,0,224,0,160,0,0,0,0,0,0
"525",2002,11,2002-11-21,"diablo",20,5,0,0,0,0,28,0,2,0,2,0,0,0,0,0,0
"526",2002,11,2002-11-21,"diablo",20,6,0,480,0,0,672,0,128,0,32,0,0,0,0,32,0
"527",2002,11,2002-11-21,"diablo",20,7,0,256,0,0,672,0,80,0,0,0,0,0,0,24,0
"528",2002,11,2002-11-21,"diablo",20,8,0,192,0,0,568,0,56,0,0,0,0,0,0,24,0
"529",2002,11,2002-11-21,"diablo",20,9,0,0,0,0,26,0,0,0,0,0,0,0,0,1,0
"530",2002,11,2002-11-21,"diablo",20,10,0,0,0,0,96,0,0,0,14,0,0,0,0,2,0
"531",2002,11,2002-11-21,"diablo",30,1,0,3,0,0,106,0,8,0,3,0,0,0,0,4,0
"532",2002,11,2002-11-21,"diablo",30,2,0,0,0,0,0,0,0,0,0,0,0,0,0,0,0
"533",2002,11,2002-11-21,"diablo",30,3,0,24,0,0,960,0,64,0,48,0,0,0,0,104,0
"534",2002,11,2002-11-21,"diablo",30,4,0,48,0,0,36,0,2,0,0,0,0,0,0,8,0
"535",2002,11,2002-11-21,"diablo",30,5,0,18,0,0,144,0,20,0,16,0,0,0,2,0,0
"536",2002,11,2002-11-21,"diablo",30,6,0,48,0,0,140,0,12,0,20,0,0,0,0,0,0
"537",2002,11,2002-11-21,"diablo",30,7,0,12,0,0,86,0,2,0,4,0,0,0,0,10,0
"538",2002,11,2002-11-21,"diablo",30,8,0,18,0,0,98,0,20,0,4,0,0,0,0,4,0
"539",2002,11,2002-11-21,"diablo",30,9,0,32,0,0,264,0,0,0,0,0,0,0,124,8,0
"540",2002,11,2002-11-21,"diablo",30,10,0,1,0,0,223,0,27,0,0,0,0,0,0,2,0
"541",2002,11,2002-11-22,"bc 1",10,1,0,336,0,0,172,0,44,0,12,0,0,0,0,0,0
"542",2002,11,2002-11-22,"bc 1",10,2,0,204,0,0,152,0,0,0,0,0,0,0,0,0,0
"543",2002,11,2002-11-22,"bc 1",10,3,0,47,0,0,211,0,11,0,8,0,0,0,0,5,0
"544",2002,11,2002-11-22,"bc 1",10,4,3,30,0,0,167,0,11,0,4,0,0,0,0,0,0
"545",2002,11,2002-11-22,"bc 1",10,5,0,140,0,0,144,0,4,0,0,0,0,0,0,4,0
"546",2002,11,2002-11-22,"bc 1",10,6,0,1,0,0,22,0,6,0,0,0,0,0,0,0,0
"547",2002,11,2002-11-22,"bc 1",10,7,0,15,0,0,35,0,1,0,0,0,0,0,0,2,0
"548",2002,11,2002-11-22,"bc 1",10,8,8,368,0,0,428,0,40,0,0,0,0,0,0,4,0
"549",2002,11,2002-11-22,"bc 1",10,9,0,10,0,0,110,0,16,0,0,0,0,0,3,3,0
"550",2002,11,2002-11-22,"bc 1",10,10,0,6,0,0,28,0,1,0,2,0,0,0,0,0,0
"551",2002,11,2002-11-22,"bc 1",20,1,0,32,0,0,588,0,24,0,32,0,0,0,0,4,0
"552",2002,11,2002-11-22,"bc 1",20,2,0,6,0,0,68,0,14,0,1,0,0,0,0,0,0
"553",2002,11,2002-11-22,"bc 1",20,3,0,184,0,1,1824,0,120,0,0,0,0,0,0,16,0
"554",2002,11,2002-11-22,"bc 1",20,4,0,248,0,0,1224,0,152,0,0,0,0,0,0,8,0
"555",2002,11,2002-11-22,"bc 1",20,5,0,4,0,0,35,0,4,0,0,0,0,0,0,1,0
"556",2002,11,2002-11-22,"bc 1",20,6,0,36,0,0,588,0,84,0,0,0,0,0,0,0,0
"557",2002,11,2002-11-22,"bc 1",20,7,0,72,0,0,204,0,32,0,0,0,0,0,0,4,0
"558",2002,11,2002-11-22,"bc 1",20,8,0,2,0,0,37,0,8,0,0,0,0,0,0,0,0
"559",2002,11,2002-11-22,"bc 1",20,9,0,2,0,0,56,0,1,0,1,0,0,0,0,0,0
"560",2002,11,2002-11-22,"bc 1",20,10,0,0,0,0,37,0,2,0,0,0,0,0,0,0,0
"561",2002,11,2002-11-22,"bc 1",30,1,0,216,0,0,920,0,128,0,8,0,0,0,0,0,0
"562",2002,11,2002-11-22,"bc 1",30,2,0,1,0,0,26,0,0,0,4,0,0,0,0,2,0
"563",2002,11,2002-11-22,"bc 1",30,3,0,0,0,0,244,0,28,0,0,0,0,2,0,0,0
"564",2002,11,2002-11-22,"bc 1",30,4,0,7,0,0,16,0,2,0,0,0,0,0,3,1,0
"565",2002,11,2002-11-22,"bc 1",30,5,0,14,0,0,24,0,8,0,0,0,0,0,4,0,0
"566",2002,11,2002-11-22,"bc 1",30,6,0,0,0,0,2,0,0,0,0,0,0,0,0,0,0
"567",2002,11,2002-11-22,"bc 1",30,7,0,1,0,0,20,0,3,0,1,0,0,0,0,1,0
"568",2002,11,2002-11-22,"bc 1",30,8,0,36,0,0,316,0,32,0,8,0,0,0,0,0,0
"569",2002,11,2002-11-22,"bc 1",30,9,0,28,0,0,564,0,18,0,0,0,0,0,0,12,0
"570",2002,11,2002-11-22,"bc 1",30,10,0,101,0,0,160,0,27,0,0,0,0,0,2,0,0
"571",2003,10,2003-10-17,"diablo",10,1,0,704,0,0,344,0,0,0,0,0,0,0,0,0,0
"572",2003,10,2003-10-17,"diablo",10,2,0,8800,0,0,864,0,128,0,0,0,0,0,0,0,0
"573",2003,10,2003-10-17,"diablo",10,3,16,1200,0,0,1576,0,88,0,0,0,0,0,0,24,0
"574",2003,10,2003-10-17,"diablo",10,4,0,74752,0,0,1536,0,512,0,0,0,0,0,0,0,0
"575",2003,10,2003-10-17,"diablo",10,5,0,3120,0,0,496,0,16,0,0,0,0,0,16,0,0
"576",2003,10,2003-10-17,"diablo",10,6,0,392,0,0,292,0,0,0,0,0,0,0,0,0,0
"577",2003,10,2003-10-17,"diablo",10,7,0,176,0,0,352,0,20,0,0,0,0,0,0,0,0
"578",2003,10,2003-10-17,"diablo",10,8,0,412,0,0,80,0,12,0,16,0,0,0,0,4,0
"579",2003,10,2003-10-17,"diablo",10,9,0,37376,0,0,2304,0,0,0,0,0,0,0,0,128,0
"580",2003,10,2003-10-17,"diablo",10,10,0,25088,0,0,2240,0,128,0,0,0,0,1,0,64,0
"581",2003,10,2003-10-17,"diablo",20,1,24,680,0,0,896,0,48,0,0,0,0,0,0,72,0
"582",2003,10,2003-10-17,"diablo",20,2,20,268,0,0,456,0,48,0,4,0,0,0,4,12,0
"583",2003,10,2003-10-17,"diablo",20,3,0,1072,0,0,656,0,80,0,80,0,0,0,0,0,0
"584",2003,10,2003-10-17,"diablo",20,4,0,784,0,0,448,0,32,0,16,80,0,0,32,16,0
"585",2003,10,2003-10-17,"diablo",20,5,0,0,0,0,155,0,1,0,0,0,0,0,0,4,0
"586",2003,10,2003-10-17,"diablo",20,6,0,328,0,0,840,0,88,0,0,8,0,0,0,8,0
"587",2003,10,2003-10-17,"diablo",20,7,28,368,0,0,820,0,112,0,0,32,0,0,0,32,0
"588",2003,10,2003-10-17,"diablo",20,8,0,2744,0,0,360,0,48,0,16,0,0,0,0,0,0
"589",2003,10,2003-10-17,"diablo",20,9,64,20448,0,0,2688,0,64,0,0,0,0,0,0,96,0
"590",2003,10,2003-10-17,"diablo",20,10,0,1920,0,0,1696,0,64,0,128,0,0,0,0,96,0
"591",2003,10,2003-10-17,"diablo",30,1,0,2432,0,0,14016,0,768,0,0,0,0,0,0,512,0
"592",2003,10,2003-10-17,"diablo",30,2,0,64,0,0,8512,0,640,0,0,576,0,0,0,128,0
"593",2003,10,2003-10-17,"diablo",30,3,0,832,0,0,3712,0,256,0,0,0,0,0,0,64,0
"594",2003,10,2003-10-17,"diablo",30,4,0,720,0,0,2656,0,208,0,0,0,0,0,0,0,0
"595",2003,10,2003-10-17,"diablo",30,5,0,656,0,0,1120,0,80,0,0,64,0,0,0,0,0
"596",2003,10,2003-10-17,"diablo",30,6,4,128,0,0,276,0,36,0,4,0,0,0,0,8,0
"597",2003,10,2003-10-17,"diablo",30,7,4,28,0,0,184,0,16,0,4,0,0,0,12,16,0
"598",2003,10,2003-10-17,"diablo",30,8,0,88,0,0,264,0,88,0,0,24,0,0,40,8,0
"599",2003,10,2003-10-17,"diablo",30,9,0,1216,0,0,2592,0,224,0,0,0,0,0,0,0,0
"600",2003,10,2003-10-17,"diablo",30,10,64,1728,0,0,17984,0,1408,0,0,0,0,0,0,192,0
"601",2003,10,2003-10-29,"bc 1",10,1,4,556,0,0,228,0,20,0,0,0,0,0,0,12,0
"602",2003,10,2003-10-29,"bc 1",10,2,0,90,0,0,162,0,3,0,0,0,0,0,0,1,0
"603",2003,10,2003-10-29,"bc 1",10,3,0,344,0,0,136,0,0,0,0,0,0,0,0,16,0
"604",2003,10,2003-10-29,"bc 1",10,4,0,7712,0,0,1440,0,128,0,0,0,0,0,0,96,0
"605",2003,10,2003-10-29,"bc 1",10,5,0,4496,0,0,400,0,112,0,0,0,0,0,0,32,0
"606",2003,10,2003-10-29,"bc 1",10,6,0,144,0,0,50,0,2,0,0,0,0,0,0,6,0
"607",2003,10,2003-10-29,"bc 1",10,7,24,592,0,0,480,0,56,0,0,0,0,0,0,0,0
"608",2003,10,2003-10-29,"bc 1",10,8,0,164,0,0,272,0,0,0,12,0,0,0,0,12,0
"609",2003,10,2003-10-29,"bc 1",10,9,8,1764,0,0,648,0,112,0,0,0,0,0,0,4,0
"610",2003,10,2003-10-29,"bc 1",10,10,0,64,0,0,148,0,8,0,0,0,0,0,0,2,0
"611",2003,10,2003-10-29,"bc 1",20,1,0,248,0,0,128,0,20,0,8,0,0,0,0,28,0
"612",2003,10,2003-10-29,"bc 1",20,2,24,416,0,0,552,0,104,0,0,0,0,0,0,8,0
"613",2003,10,2003-10-29,"bc 1",20,3,16,1280,0,0,664,0,48,0,0,0,0,0,0,40,0
"614",2003,10,2003-10-29,"bc 1",20,4,0,28,0,0,36,0,12,0,0,0,0,0,16,12,0
"615",2003,10,2003-10-29,"bc 1",20,5,0,0,0,0,29,0,4,0,0,0,0,0,1,2,0
"616",2003,10,2003-10-29,"bc 1",20,6,0,56,0,0,160,0,88,0,0,0,0,0,0,8,0
"617",2003,10,2003-10-29,"bc 1",20,7,0,23,0,0,22,0,9,0,0,0,0,0,1,0,0
"618",2003,10,2003-10-29,"bc 1",20,8,16,384,0,0,768,0,80,0,0,0,0,0,0,0,0
"619",2003,10,2003-10-29,"bc 1",20,9,0,0,0,0,20,0,7,0,1,0,0,0,1,0,0
"620",2003,10,2003-10-29,"bc 1",20,10,0,12736,0,0,3136,0,128,0,0,0,0,0,0,256,0
"621",2003,10,2003-10-29,"bc 1",30,1,0,110,0,0,73,0,6,0,0,8,0,0,0,2,0
"622",2003,10,2003-10-29,"bc 1",30,2,0,24,0,0,118,0,9,0,3,2,0,0,0,4,0
"623",2003,10,2003-10-29,"bc 1",30,3,32,1056,0,0,3232,0,192,0,0,0,0,0,0,0,0
"624",2003,10,2003-10-29,"bc 1",30,4,0,4,0,0,69,0,1,0,1,0,0,0,1,5,0
"625",2003,10,2003-10-29,"bc 1",30,5,0,23,0,0,14,0,2,0,0,0,0,0,0,1,0
"626",2003,10,2003-10-29,"bc 1",30,6,80,1824,0,0,1152,0,160,0,16,0,0,0,0,112,0
"627",2003,10,2003-10-29,"bc 1",30,7,0,164,0,0,246,0,64,0,0,0,0,0,0,10,0
"628",2003,10,2003-10-29,"bc 1",30,8,0,44,0,0,366,0,0,0,34,0,0,0,0,26,0
"629",2003,10,2003-10-29,"bc 1",30,9,0,90,0,0,210,0,14,0,4,0,0,0,0,4,0
"630",2003,10,2003-10-29,"bc 1",30,10,16,312,0,0,632,0,48,0,8,0,0,0,0,112,0
"631",2003,11,2003-11-24,"twin west",10,1,12,1552,0,0,356,0,16,0,0,0,0,0,4,4,0
"632",2003,11,2003-11-24,"twin west",10,2,0,3904,0,0,1280,0,0,0,32,0,0,0,0,96,0
"633",2003,11,2003-11-24,"twin west",10,3,0,268,0,0,172,0,4,0,0,0,0,0,0,12,0
"634",2003,11,2003-11-24,"twin west",10,4,0,7264,0,0,832,0,0,0,0,0,0,0,0,64,0
"635",2003,11,2003-11-24,"twin west",10,5,0,9280,0,0,2048,0,0,0,0,0,0,0,0,0,0
"636",2003,11,2003-11-24,"twin west",10,6,0,153,0,0,279,0,3,0,0,0,0,0,0,7,0
"637",2003,11,2003-11-24,"twin west",10,7,0,1104,0,0,216,0,8,0,0,0,0,0,0,0,0
"638",2003,11,2003-11-24,"twin west",10,8,0,21248,0,0,512,0,256,0,0,0,0,0,0,0,0
"639",2003,11,2003-11-24,"twin west",10,9,0,16832,0,0,2112,0,192,0,0,0,0,0,0,0,0
"640",2003,11,2003-11-24,"twin west",10,10,0,160,0,0,276,0,4,0,0,0,0,0,0,28,0
"641",2003,11,2003-11-24,"twin west",20,1,0,76032,0,0,1792,0,256,0,0,0,0,0,0,0,0
"642",2003,11,2003-11-24,"twin west",20,2,0,51072,0,0,896,0,128,0,0,0,0,0,0,0,0
"643",2003,11,2003-11-24,"twin west",20,3,0,384,0,0,1056,0,64,0,0,0,0,0,0,32,0
"644",2003,11,2003-11-24,"twin west",20,4,1,2,0,0,14,0,3,0,0,0,0,0,0,0,0
"645",2003,11,2003-11-24,"twin west",20,5,0,56,0,0,216,0,22,0,4,0,0,0,0,2,0
"646",2003,11,2003-11-24,"twin west",20,6,0,288,0,0,2080,0,32,0,0,0,0,0,0,64,0
"647",2003,11,2003-11-24,"twin west",20,7,0,352,0,0,1200,0,144,0,0,0,0,0,0,16,0
"648",2003,11,2003-11-24,"twin west",20,8,0,1,0,0,12,0,7,0,0,0,0,0,3,0,0
"649",2003,11,2003-11-24,"twin west",20,9,0,66,0,0,74,0,26,0,0,0,0,0,0,0,0
"650",2003,11,2003-11-24,"twin west",20,10,0,224,0,0,1008,0,112,0,0,0,0,0,0,32,0
"651",2003,11,2003-11-24,"twin west",30,1,0,112,0,0,544,0,80,0,0,0,0,0,0,16,0
"652",2003,11,2003-11-24,"twin west",30,2,0,14,0,0,440,0,16,0,10,0,0,0,0,6,0
"653",2003,11,2003-11-24,"twin west",30,3,0,4,0,0,394,0,24,0,10,0,0,0,0,4,0
"654",2003,11,2003-11-24,"twin west",30,4,0,88,0,0,210,0,8,0,0,1,0,0,0,2,0
"655",2003,11,2003-11-24,"twin west",30,5,56,176,0,0,1680,0,152,0,0,40,0,0,0,48,0
"656",2003,11,2003-11-24,"twin west",30,6,0,448,0,0,3456,0,272,0,16,0,0,0,0,128,0
"657",2003,11,2003-11-24,"twin west",30,7,0,1,0,0,0,0,0,0,0,0,0,0,0,0,0
"658",2003,11,2003-11-24,"twin west",30,8,0,320,0,0,1200,0,176,0,64,0,0,0,0,80,0
"659",2003,11,2003-11-24,"twin west",30,9,0,112,0,0,1184,0,160,0,32,0,0,0,0,0,0
"660",2003,11,2003-11-24,"twin west",30,10,0,68,0,0,254,0,8,0,28,0,0,0,0,4,0
"661",2004,11,2004-11-17,"diablo",10,1,4,184,0,0,360,0,12,0,0,0,0,0,0,8,0
"662",2004,11,2004-11-17,"diablo",10,2,0,32,0,0,608,0,8,0,8,0,0,0,0,16,0
"663",2004,11,2004-11-17,"diablo",10,3,0,944,0,0,456,0,16,0,24,0,0,0,0,0,0
"664",2004,11,2004-11-17,"diablo",10,4,0,412,0,0,1104,0,32,0,8,0,0,0,0,24,0
"665",2004,11,2004-11-17,"diablo",10,5,0,24,0,0,960,0,16,0,0,0,0,0,0,32,0
"666",2004,11,2004-11-17,"diablo",10,6,0,32,0,0,424,0,32,0,0,0,0,0,8,16,0
"667",2004,11,2004-11-17,"diablo",10,7,0,28,0,0,272,0,96,0,24,0,8,0,0,64,0
"668",2004,11,2004-11-17,"diablo",10,8,0,9088,0,0,1376,0,128,0,0,0,0,0,0,32,0
"669",2004,11,2004-11-17,"diablo",10,9,0,26,0,0,414,0,10,0,10,0,0,0,0,4,0
"670",2004,11,2004-11-17,"diablo",10,10,0,4160,0,0,2336,0,96,0,0,0,0,0,0,64,0
"671",2004,11,2004-11-17,"diablo",20,1,0,0,0,0,268,0,8,0,8,0,0,0,0,0,0
"672",2004,11,2004-11-17,"diablo",20,2,0,0,0,0,464,0,16,0,0,0,0,0,0,0,0
"673",2004,11,2004-11-17,"diablo",20,3,0,40,0,0,1304,0,32,0,0,0,0,0,0,48,0
"674",2004,11,2004-11-17,"diablo",20,4,0,4,0,0,132,0,0,0,0,0,0,0,0,12,0
"675",2004,11,2004-11-17,"diablo",20,5,0,0,0,0,368,0,4,0,0,276,0,0,4,0,0
"676",2004,11,2004-11-17,"diablo",20,6,0,72,0,0,696,0,40,0,0,0,0,0,8,16,0
"677",2004,11,2004-11-17,"diablo",20,7,0,316,0,0,732,0,12,0,0,0,0,0,0,56,0
"678",2004,11,2004-11-17,"diablo",20,8,0,660,0,0,844,0,20,0,32,0,0,0,0,12,0
"679",2004,11,2004-11-17,"diablo",20,9,0,16,0,0,472,0,16,0,0,0,0,0,8,12,0
"680",2004,11,2004-11-17,"diablo",20,10,0,134,0,0,232,0,18,0,6,0,0,0,0,12,0
"681",2004,11,2004-11-17,"diablo",30,1,0,0,0,0,206,0,16,0,0,0,0,0,0,4,0
"682",2004,11,2004-11-17,"diablo",30,2,0,4,0,0,424,0,8,0,0,0,0,0,0,16,0
"683",2004,11,2004-11-17,"diablo",30,3,0,8,0,0,352,0,24,0,32,0,0,0,0,8,0
"684",2004,11,2004-11-17,"diablo",30,4,0,4,0,0,162,0,0,0,4,4,0,0,0,0,0
"685",2004,11,2004-11-17,"diablo",30,5,0,24,0,0,504,0,40,0,8,0,0,0,4,4,0
"686",2004,11,2004-11-17,"diablo",30,6,0,16,0,0,156,0,20,0,8,0,0,0,0,0,0
"687",2004,11,2004-11-17,"diablo",30,7,0,0,0,0,232,0,4,0,0,0,0,0,0,2,0
"688",2004,11,2004-11-17,"diablo",30,8,0,12,0,0,160,0,6,0,0,0,0,0,0,0,0
"689",2004,11,2004-11-17,"diablo",30,9,0,1,0,0,32,0,1,0,0,0,0,0,0,1,0
"690",2004,11,2004-11-17,"diablo",30,10,0,40,0,0,208,0,64,0,16,0,0,0,0,8,0
"691",2004,11,2004-11-18,"twin west",10,1,0,8,0,0,106,0,2,0,0,0,0,0,0,8,0
"692",2004,11,2004-11-18,"twin west",10,2,0,864,0,0,428,0,40,0,0,0,0,0,0,0,0
"693",2004,11,2004-11-18,"twin west",10,3,0,134,0,0,430,0,0,0,8,0,0,0,0,24,0
"694",2004,11,2004-11-18,"twin west",10,4,0,416,0,0,1016,0,24,0,0,16,0,0,0,8,0
"695",2004,11,2004-11-18,"twin west",10,5,0,12,0,0,172,0,8,0,8,0,0,0,0,34,0
"696",2004,11,2004-11-18,"twin west",10,6,0,688,0,0,1584,0,96,0,16,16,0,0,0,160,0
"697",2004,11,2004-11-18,"twin west",10,7,0,40,0,0,164,0,24,0,0,0,0,0,0,28,0
"698",2004,11,2004-11-18,"twin west",10,8,0,104,0,0,1512,0,88,0,0,16,0,0,8,40,0
"699",2004,11,2004-11-18,"twin west",10,9,0,7,0,0,91,0,4,0,0,0,0,0,0,3,0
"700",2004,11,2004-11-18,"twin west",10,10,4,116,0,0,332,0,12,0,0,0,0,0,0,16,0
"701",2004,11,2004-11-18,"twin west",20,1,5,157,0,0,356,0,27,0,1,0,0,0,3,29,0
"702",2004,11,2004-11-18,"twin west",20,2,0,32,0,0,400,0,24,0,24,0,0,0,0,56,0
"703",2004,11,2004-11-18,"twin west",20,3,0,4,0,0,176,0,28,0,8,0,0,0,0,16,0
"704",2004,11,2004-11-18,"twin west",20,4,0,712,0,0,1248,0,40,0,0,0,0,0,0,136,0
"705",2004,11,2004-11-18,"twin west",20,5,0,96,0,0,1032,0,56,0,0,0,0,0,0,104,0
"706",2004,11,2004-11-18,"twin west",20,6,0,16,0,0,832,0,88,0,24,0,0,0,0,16,0
"707",2004,11,2004-11-18,"twin west",20,7,8,40,0,0,832,0,136,0,0,8,0,0,0,56,0
"708",2004,11,2004-11-18,"twin west",20,8,0,104,0,0,524,0,8,0,4,4,0,0,0,24,0
"709",2004,11,2004-11-18,"twin west",20,9,0,100,0,0,348,0,8,0,0,0,0,0,0,0,0
"710",2004,11,2004-11-18,"twin west",20,10,4,460,0,0,980,0,20,0,0,8,0,0,4,12,0
"711",2004,11,2004-11-18,"twin west",30,1,0,8,0,0,1020,0,164,0,8,0,0,0,0,0,0
"712",2004,11,2004-11-18,"twin west",30,2,1,12,0,0,32,0,2,0,0,0,0,0,1,1,0
"713",2004,11,2004-11-18,"twin west",30,3,0,18,0,0,126,0,6,0,0,2,0,0,2,2,0
"714",2004,11,2004-11-18,"twin west",30,4,8,32,0,0,464,0,80,0,0,48,0,0,0,0,0
"715",2004,11,2004-11-18,"twin west",30,5,0,12,0,0,348,0,10,0,2,4,0,0,0,0,0
"716",2004,11,2004-11-18,"twin west",30,6,0,8,0,0,480,0,16,0,16,0,0,0,0,0,0
"717",2004,11,2004-11-18,"twin west",30,7,0,8,0,0,148,0,4,0,0,0,0,0,0,12,0
"718",2004,11,2004-11-18,"twin west",30,8,0,4,0,0,784,0,20,0,20,0,0,0,0,0,0
"719",2004,11,2004-11-18,"twin west",30,9,0,14,0,0,45,0,1,0,2,0,0,0,3,1,0
"720",2004,11,2004-11-18,"twin west",30,10,0,5,0,0,35,0,0,0,3,0,0,0,0,0,0
"721",2004,11,2004-11-22,"bc 1",10,1,5,22,0,0,428,0,22,0,10,0,0,0,1,9,0
"722",2004,11,2004-11-22,"bc 1",10,2,0,40,0,0,202,0,8,0,0,0,0,0,0,16,0
"723",2004,11,2004-11-22,"bc 1",10,3,2,0,0,0,370,0,14,0,4,1,0,0,0,9,0
"724",2004,11,2004-11-22,"bc 1",10,4,1,11,0,0,66,0,3,0,0,0,0,0,0,3,0
"725",2004,11,2004-11-22,"bc 1",10,5,0,16,0,0,182,0,16,0,0,0,0,0,0,0,0
"726",2004,11,2004-11-22,"bc 1",10,6,0,16,0,0,228,0,31,0,0,0,0,0,2,39,0
"727",2004,11,2004-11-22,"bc 1",10,7,1,18,0,0,59,0,3,0,0,1,0,0,1,7,0
"728",2004,11,2004-11-22,"bc 1",10,8,56,200,0,0,544,0,64,0,0,0,0,0,0,48,0
"729",2004,11,2004-11-22,"bc 1",10,9,8,36,0,0,260,0,28,0,0,0,0,0,0,20,0
"730",2004,11,2004-11-22,"bc 1",10,10,0,160,0,0,712,0,56,0,0,0,0,0,0,8,0
"731",2004,11,2004-11-22,"bc 1",20,1,0,34,0,0,380,0,22,0,28,0,0,0,0,8,0
"732",2004,11,2004-11-22,"bc 1",20,2,0,200,0,0,1232,0,104,0,88,0,0,0,0,80,0
"733",2004,11,2004-11-22,"bc 1",20,3,8,24,0,0,520,0,16,0,0,0,0,0,0,48,0
"734",2004,11,2004-11-22,"bc 1",20,4,0,64,0,0,1072,0,32,0,48,0,0,0,0,16,0
"735",2004,11,2004-11-22,"bc 1",20,5,0,40,0,0,228,0,12,0,0,0,0,0,0,4,0
"736",2004,11,2004-11-22,"bc 1",20,6,0,1,0,0,25,0,1,0,0,0,0,0,3,0,0
"737",2004,11,2004-11-22,"bc 1",20,7,24,32,0,0,760,0,32,0,0,0,0,0,0,8,0
"738",2004,11,2004-11-22,"bc 1",20,8,1,3,0,0,19,0,3,0,0,0,0,0,0,0,0
"739",2004,11,2004-11-22,"bc 1",20,9,0,4,0,0,96,0,16,0,24,0,0,0,0,4,0
"740",2004,11,2004-11-22,"bc 1",20,10,16,44,0,0,128,0,20,0,0,0,0,0,0,0,0
"741",2004,11,2004-11-22,"bc 1",30,1,0,2,0,0,42,0,10,0,8,0,0,0,2,2,0
"742",2004,11,2004-11-22,"bc 1",30,2,0,6,0,0,67,0,0,0,1,1,0,0,0,6,0
"743",2004,11,2004-11-22,"bc 1",30,3,0,24,0,0,204,0,12,0,0,8,0,0,0,0,0
"744",2004,11,2004-11-22,"bc 1",30,4,12,48,0,0,488,0,8,0,0,4,0,0,0,32,0
"745",2004,11,2004-11-22,"bc 1",30,5,0,3,0,0,17,0,3,0,1,0,0,0,0,1,0
"746",2004,11,2004-11-22,"bc 1",30,6,0,0,0,0,5,0,0,0,1,0,0,0,0,0,0
"747",2004,11,2004-11-22,"bc 1",30,7,0,0,0,0,13,0,0,0,1,0,0,0,0,0,0
"748",2004,11,2004-11-22,"bc 1",30,8,0,32,0,0,332,0,4,0,0,0,0,0,8,20,0
"749",2004,11,2004-11-22,"bc 1",30,9,0,4,0,0,152,0,8,0,8,0,0,0,12,0,0
"750",2004,11,2004-11-22,"bc 1",30,10,0,46,0,0,107,0,6,0,5,0,0,0,0,7,0
"751",2005,11,2005-11-17,"bc 1",10,1,8,540,0,0,388,0,12,0,0,0,0,0,0,8,0
"752",2005,11,2005-11-17,"bc 1",10,2,64,3184,0,0,1600,0,112,0,0,0,0,0,0,16,0
"753",2005,11,2005-11-17,"bc 1",10,3,2,127,0,0,135,0,0,0,1,0,0,0,0,1,0
"754",2005,11,2005-11-17,"bc 1",10,4,12,1260,0,0,892,0,32,0,28,0,0,0,0,4,0
"755",2005,11,2005-11-17,"bc 1",10,5,0,88,0,0,34,0,7,0,0,1,0,0,0,1,0
"756",2005,11,2005-11-17,"bc 1",10,6,0,904,0,0,380,0,16,0,0,0,0,0,0,4,0
"757",2005,11,2005-11-17,"bc 1",10,7,4,144,0,0,328,0,18,0,0,0,0,0,0,6,0
"758",2005,11,2005-11-17,"bc 1",10,8,0,3152,0,0,736,0,96,0,0,0,0,0,0,16,0
"759",2005,11,2005-11-17,"bc 1",10,9,4,142,0,0,174,0,12,0,0,0,0,0,0,16,0
"760",2005,11,2005-11-17,"bc 1",10,10,16,2848,0,0,80,0,16,0,0,0,0,0,0,0,0
"761",2005,11,2005-11-17,"bc 1",20,1,0,470,0,0,291,0,14,0,20,1,0,0,0,10,0
"762",2005,11,2005-11-17,"bc 1",20,2,0,88,0,0,175,0,21,0,2,0,0,0,0,7,0
"763",2005,11,2005-11-17,"bc 1",20,3,48,1184,0,0,2472,0,176,0,0,0,0,0,0,32,0
"764",2005,11,2005-11-17,"bc 1",20,4,5,335,0,0,498,0,17,0,9,2,0,0,0,2,0
"765",2005,11,2005-11-17,"bc 1",20,5,8,2536,0,0,296,0,12,0,4,0,0,0,0,0,0
"766",2005,11,2005-11-17,"bc 1",20,6,32,696,0,0,784,0,80,0,0,40,0,0,0,16,0
"767",2005,11,2005-11-17,"bc 1",20,7,0,244,0,0,92,0,10,0,0,0,0,0,0,8,0
"768",2005,11,2005-11-17,"bc 1",20,8,0,17152,0,0,0,0,0,0,0,0,0,0,0,0,0
"769",2005,11,2005-11-17,"bc 1",20,9,64,272,0,0,1344,0,72,0,24,0,0,0,0,32,0
"770",2005,11,2005-11-17,"bc 1",20,10,0,296,0,0,720,0,0,0,16,0,0,0,0,8,0
"771",2005,11,2005-11-17,"bc 1",30,1,25,60,0,0,174,0,19,0,0,1,0,0,0,9,0
"772",2005,11,2005-11-17,"bc 1",30,2,0,512,0,0,3488,0,0,0,0,0,0,0,0,24,0
"773",2005,11,2005-11-17,"bc 1",30,3,0,88,0,0,928,0,16,0,0,0,0,0,0,8,0
"774",2005,11,2005-11-17,"bc 1",30,4,0,9,0,0,14,0,3,0,0,1,0,0,0,0,0
"775",2005,11,2005-11-17,"bc 1",30,5,24,332,0,0,1108,0,36,0,0,0,0,0,0,36,0
"776",2005,11,2005-11-17,"bc 1",30,6,1,4,0,0,39,0,1,0,0,2,0,0,0,1,0
"777",2005,11,2005-11-17,"bc 1",30,7,8,48,0,0,96,0,0,0,0,0,0,0,0,0,0
"778",2005,11,2005-11-17,"bc 1",30,8,0,768,0,0,832,0,64,0,0,0,0,0,0,0,0
"779",2005,11,2005-11-17,"bc 1",30,9,1,5,0,0,22,0,2,0,1,5,0,0,0,1,0
"780",2005,11,2005-11-17,"bc 1",30,10,0,6,0,0,33,0,0,0,0,0,0,0,0,0,0
"781",2005,11,2005-11-22,"twin west",10,1,0,25344,0,0,2816,0,0,0,0,0,0,0,0,0,0
"782",2005,11,2005-11-22,"twin west",10,2,0,105472,0,0,1024,0,0,0,0,0,0,0,0,0,0
"783",2005,11,2005-11-22,"twin west",10,3,0,57664,0,0,1600,0,64,0,0,0,0,0,0,64,0
"784",2005,11,2005-11-22,"twin west",10,4,3,4,0,0,70,0,17,0,0,1,0,0,0,0,0
"785",2005,11,2005-11-22,"twin west",10,5,0,29056,0,0,0,0,0,0,0,0,0,0,0,0,0
"786",2005,11,2005-11-22,"twin west",10,6,0,227,0,0,0,0,0,0,0,0,0,0,0,0,0
"787",2005,11,2005-11-22,"twin west",10,7,64,16224,0,0,224,0,32,0,0,0,0,0,0,32,0
"788",2005,11,2005-11-22,"twin west",10,8,64,20032,0,0,1280,0,0,0,0,0,0,0,0,0,0
"789",2005,11,2005-11-22,"twin west",10,9,0,34176,0,0,640,0,0,0,0,0,0,0,0,0,0
"790",2005,11,2005-11-22,"twin west",10,10,0,38016,0,0,0,0,0,0,0,0,0,0,0,0,0
"791",2005,11,2005-11-22,"twin west",20,1,96,256,0,0,2432,0,64,0,0,0,0,0,0,160,0
"792",2005,11,2005-11-22,"twin west",20,2,0,1,0,0,9,0,0,0,3,0,0,0,0,0,0
"793",2005,11,2005-11-22,"twin west",20,3,0,44,0,0,188,0,4,0,0,0,0,0,80,4,0
"794",2005,11,2005-11-22,"twin west",20,4,0,283,0,1,9,0,0,0,0,0,0,0,0,0,0
"795",2005,11,2005-11-22,"twin west",20,5,32,5824,0,0,736,0,0,0,0,0,0,0,0,64,0
"796",2005,11,2005-11-22,"twin west",20,6,16,10048,0,0,1856,0,160,0,16,0,0,0,0,32,0
"797",2005,11,2005-11-22,"twin west",20,7,0,148,0,0,888,0,8,0,0,0,0,0,0,4,0
"798",2005,11,2005-11-22,"twin west",20,8,0,9440,0,0,1248,0,0,0,0,0,0,0,0,0,0
"799",2005,11,2005-11-22,"twin west",20,9,0,9472,0,0,2048,0,0,0,0,0,0,0,0,0,0
"800",2005,11,2005-11-22,"twin west",20,10,0,8064,0,0,4608,0,384,0,128,0,0,0,0,0,0
"801",2005,11,2005-11-22,"twin west",30,1,0,24,0,0,52,0,20,0,0,20,0,0,20,4,0
"802",2005,11,2005-11-22,"twin west",30,2,1,8,0,0,29,0,4,0,0,4,0,0,0,0,0
"803",2005,11,2005-11-22,"twin west",30,3,48,224,0,0,1024,0,112,0,48,0,0,0,0,0,0
"804",2005,11,2005-11-22,"twin west",30,4,0,90,0,0,80,0,4,0,0,3,0,0,0,1,0
"805",2005,11,2005-11-22,"twin west",30,5,1,38,0,0,96,0,9,0,1,3,0,0,0,0,0
"806",2005,11,2005-11-22,"twin west",30,6,0,9,0,0,104,0,8,0,3,0,0,0,0,0,0
"807",2005,11,2005-11-22,"twin west",30,7,0,16,0,0,264,0,4,0,0,0,0,0,0,0,0
"808",2005,11,2005-11-22,"twin west",30,8,4,104,0,0,876,0,12,0,0,0,0,0,0,4,0
"809",2005,11,2005-11-22,"twin west",30,9,0,32,0,0,660,0,0,0,44,0,0,0,0,0,0
"810",2005,11,2005-11-22,"twin west",30,10,0,0,0,0,3,0,3,0,0,0,0,0,0,0,0
"811",2006,10,2006-10-26,"twin west",10,1,0,2944,0,0,368,0,0,0,0,0,0,0,0,16,0
"812",2006,10,2006-10-26,"twin west",10,2,128,11808,0,0,3200,0,64,0,192,0,0,0,0,64,0
"813",2006,10,2006-10-26,"twin west",10,3,0,24576,0,0,640,0,0,0,0,0,0,0,0,0,0
"814",2006,10,2006-10-26,"twin west",10,4,24,336,0,0,632,0,0,0,32,0,0,0,0,0,0
"815",2006,10,2006-10-26,"twin west",10,5,32,26656,0,0,2016,0,64,0,0,0,0,0,0,64,0
"816",2006,10,2006-10-26,"twin west",10,6,0,17920,0,0,4544,0,128,0,192,64,0,0,0,160,0
"817",2006,10,2006-10-26,"twin west",10,7,0,20992,0,0,2624,0,128,0,0,0,0,0,0,256,0
"818",2006,10,2006-10-26,"twin west",10,8,8,2880,0,0,272,0,0,0,0,0,0,0,0,24,0
"819",2006,10,2006-10-26,"twin west",10,9,144,3760,0,0,608,0,48,0,0,0,0,0,0,16,0
"820",2006,10,2006-10-26,"twin west",10,10,0,4512,0,0,1088,0,0,0,64,0,0,0,0,192,0
"821",2006,10,2006-10-26,"twin west",20,1,0,36,0,0,352,0,0,0,0,0,0,0,4,8,0
"822",2006,10,2006-10-26,"twin west",20,2,16,240,0,0,1032,0,16,0,0,0,0,0,0,176,0
"823",2006,10,2006-10-26,"twin west",20,3,0,8,0,0,48,0,0,0,0,0,0,0,0,12,0
"824",2006,10,2006-10-26,"twin west",20,4,0,92,0,0,1368,0,56,0,0,0,0,0,0,148,0
"825",2006,10,2006-10-26,"twin west",20,5,0,5856,0,0,928,0,0,0,0,0,0,0,0,32,0
"826",2006,10,2006-10-26,"twin west",20,6,3,0,0,0,6,0,2,0,0,0,0,0,0,0,0
"827",2006,10,2006-10-26,"twin west",20,7,0,0,0,0,880,0,0,0,24,0,0,0,96,32,0
"828",2006,10,2006-10-26,"twin west",20,8,0,1,0,0,6,0,0,0,0,0,0,0,0,0,0
"829",2006,10,2006-10-26,"twin west",20,9,0,5536,0,0,1616,0,64,0,32,0,0,0,0,80,0
"830",2006,10,2006-10-26,"twin west",20,10,0,1792,0,0,640,0,32,0,0,0,0,0,0,0,0
"831",2006,10,2006-10-26,"twin west",30,1,0,12,0,0,44,0,0,0,4,0,0,0,0,0,0
"832",2006,10,2006-10-26,"twin west",30,2,8,200,0,0,2024,0,0,0,0,0,0,0,0,216,0
"833",2006,10,2006-10-26,"twin west",30,3,8,48,0,0,536,0,8,0,40,16,0,0,0,0,0
"834",2006,10,2006-10-26,"twin west",30,4,0,4,0,0,184,0,8,0,0,0,0,0,0,0,0
"835",2006,10,2006-10-26,"twin west",30,5,0,0,0,0,270,0,0,0,0,0,0,0,0,8,0
"836",2006,10,2006-10-26,"twin west",30,6,0,24,0,0,664,0,24,0,0,0,0,0,0,16,0
"837",2006,10,2006-10-26,"twin west",30,7,0,2,0,0,12,0,0,0,0,0,0,0,4,2,0
"838",2006,10,2006-10-26,"twin west",30,8,0,40,0,0,1496,0,0,0,0,0,0,0,0,24,0
"839",2006,10,2006-10-26,"twin west",30,9,16,156,0,0,180,0,36,0,0,48,0,0,0,0,0
"840",2006,10,2006-10-26,"twin west",30,10,0,0,0,0,2,0,0,0,0,0,0,0,0,0,0
"841",2006,11,2006-11-16,"bc 1",10,1,47,68,0,0,169,0,19,0,0,0,0,0,0,3,0
"842",2006,11,2006-11-16,"bc 1",10,2,0,24,0,0,108,0,8,0,0,0,0,0,0,12,0
"843",2006,11,2006-11-16,"bc 1",10,3,14,62,0,0,216,0,34,0,8,0,0,0,0,14,0
"844",2006,11,2006-11-16,"bc 1",10,4,10,382,0,0,266,0,20,0,2,0,0,0,0,22,0
"845",2006,11,2006-11-16,"bc 1",10,5,4,68,0,0,100,0,12,0,6,0,0,0,0,24,0
"846",2006,11,2006-11-16,"bc 1",10,6,4,244,0,0,216,0,4,0,0,0,0,0,0,24,0
"847",2006,11,2006-11-16,"bc 1",10,7,8,1992,0,0,592,0,24,0,0,0,0,0,0,0,0
"848",2006,11,2006-11-16,"bc 1",10,8,0,3552,0,0,1280,0,224,0,64,0,0,0,0,64,0
"849",2006,11,2006-11-16,"bc 1",10,9,0,1232,0,0,144,0,0,0,0,0,0,0,0,16,0
"850",2006,11,2006-11-16,"bc 1",10,10,8,268,0,0,300,0,60,0,0,0,0,0,0,0,0
"851",2006,11,2006-11-16,"bc 1",20,1,10,14,0,0,113,0,16,0,8,1,0,0,0,8,0
"852",2006,11,2006-11-16,"bc 1",20,2,24,4,0,0,32,0,0,0,0,0,0,0,12,0,0
"853",2006,11,2006-11-16,"bc 1",20,3,10,48,0,0,66,0,8,0,0,0,0,0,2,6,0
"854",2006,11,2006-11-16,"bc 1",20,4,4,8,0,0,84,0,4,0,0,4,0,0,0,0,0
"855",2006,11,2006-11-16,"bc 1",20,5,4,924,0,0,192,0,8,0,0,0,0,0,0,16,0
"856",2006,11,2006-11-16,"bc 1",20,6,4,48,0,0,136,0,0,0,0,0,0,0,4,52,0
"857",2006,11,2006-11-16,"bc 1",20,7,0,228,0,0,284,0,0,0,0,0,0,0,0,24,0
"858",2006,11,2006-11-16,"bc 1",20,8,0,96,0,0,656,0,32,0,0,0,0,0,0,152,0
"859",2006,11,2006-11-16,"bc 1",20,9,0,6,0,0,328,0,12,0,2,0,6,0,0,14,0
"860",2006,11,2006-11-16,"bc 1",20,10,0,320,0,0,432,0,80,0,16,0,0,0,0,0,0
"861",2006,11,2006-11-16,"bc 1",30,1,0,36,0,0,350,0,14,0,0,6,0,0,0,18,0
"862",2006,11,2006-11-16,"bc 1",30,2,8,24,0,0,464,0,8,0,0,24,0,0,0,24,0
"863",2006,11,2006-11-16,"bc 1",30,3,12,36,0,0,40,0,0,0,12,8,0,0,0,16,0
"864",2006,11,2006-11-16,"bc 1",30,4,0,16,0,0,592,0,8,0,8,0,0,0,0,0,0
"865",2006,11,2006-11-16,"bc 1",30,5,16,56,0,0,2320,0,24,0,0,0,0,0,0,88,0
"866",2006,11,2006-11-16,"bc 1",30,6,0,8,0,0,400,0,16,0,0,4,0,0,0,2,0
"867",2006,11,2006-11-16,"bc 1",30,7,0,0,0,0,33,0,1,0,0,0,0,0,1,3,0
"868",2006,11,2006-11-16,"bc 1",30,8,6,0,0,0,120,0,2,0,4,4,0,0,0,8,0
"869",2006,11,2006-11-16,"bc 1",30,9,0,40,0,0,732,0,8,0,0,2,0,0,0,18,0
"870",2006,11,2006-11-16,"bc 1",30,10,36,68,0,0,108,0,12,0,16,24,0,0,0,32,0
"871",2007,10,2007-10-23,"twin west",10,1,160,41344,0,0,1856,0,96,0,64,0,0,0,0,64,0
"872",2007,10,2007-10-23,"twin west",10,2,128,22336,0,0,4128,0,416,0,0,0,0,0,0,32,0
"873",2007,10,2007-10-23,"twin west",10,3,448,62656,0,0,3328,0,256,0,0,0,0,0,0,64,0
"874",2007,10,2007-10-23,"twin west",10,4,64,28480,0,0,2496,0,128,0,0,0,0,0,0,0,0
"875",2007,10,2007-10-23,"twin west",10,5,4,36,0,0,176,0,0,0,4,0,0,0,0,24,0
"876",2007,10,2007-10-23,"twin west",10,6,256,163712,0,0,5632,0,384,0,0,128,0,0,0,0,0
"877",2007,10,2007-10-23,"twin west",10,7,384,27456,0,0,1664,0,448,0,0,0,0,0,0,0,0
"878",2007,10,2007-10-23,"twin west",10,8,160,14768,0,0,1232,0,128,0,0,0,0,0,0,16,0
"879",2007,10,2007-10-23,"twin west",10,9,384,77312,0,0,8064,0,640,0,0,0,0,0,0,0,0
"880",2007,10,2007-10-23,"twin west",10,10,0,6096,0,0,672,0,32,0,8,0,0,0,0,8,0
"881",2007,10,2007-10-23,"twin west",20,1,64,15232,0,0,1408,0,0,0,0,0,0,0,0,0,0
"882",2007,10,2007-10-23,"twin west",20,2,0,50,0,0,48,0,4,0,2,0,0,0,0,0,0
"883",2007,10,2007-10-23,"twin west",20,3,128,28096,0,0,1728,0,320,0,0,0,0,0,0,128,0
"884",2007,10,2007-10-23,"twin west",20,4,128,6400,0,0,5952,0,576,0,0,0,0,0,0,64,0
"885",2007,10,2007-10-23,"twin west",20,5,16,14096,0,0,784,0,48,0,0,0,0,0,0,32,0
"886",2007,10,2007-10-23,"twin west",20,6,0,82432,0,0,6144,0,0,0,0,0,0,0,0,512,0
"887",2007,10,2007-10-23,"twin west",20,7,96,38320,0,1,3664,0,224,0,0,0,0,0,0,48,0
"888",2007,10,2007-10-23,"twin west",20,8,0,3224,0,0,1656,0,64,0,32,0,0,0,0,40,0
"889",2007,10,2007-10-23,"twin west",20,9,384,1120,0,0,11296,0,2144,0,0,320,0,0,0,64,0
"890",2007,10,2007-10-23,"twin west",20,10,0,34,0,0,278,0,20,0,32,0,0,0,0,4,0
"891",2007,10,2007-10-23,"twin west",30,1,0,384,0,0,5088,0,112,0,576,80,0,0,0,32,0
"892",2007,10,2007-10-23,"twin west",30,2,0,84,0,0,1052,0,36,0,0,0,0,0,0,24,0
"893",2007,10,2007-10-23,"twin west",30,3,64,256,0,0,3712,0,192,0,0,0,0,0,0,0,0
"894",2007,10,2007-10-23,"twin west",30,4,2,30,0,0,18,0,0,0,0,1,0,0,0,0,0
"895",2007,10,2007-10-23,"twin west",30,5,0,1352,0,0,3216,0,328,0,64,0,0,0,0,96,0
"896",2007,10,2007-10-23,"twin west",30,6,6,8,0,0,84,0,14,0,0,0,0,0,0,4,0
"897",2007,10,2007-10-23,"twin west",30,7,0,108,0,0,236,0,12,0,0,8,0,0,0,0,0
"898",2007,10,2007-10-23,"twin west",30,8,0,320,0,0,1080,0,8,0,176,0,0,0,0,16,0
"899",2007,10,2007-10-23,"twin west",30,9,8,20,0,0,40,0,32,0,0,20,0,0,4,0,0
"900",2007,10,2007-10-23,"twin west",30,10,0,32,0,0,6688,0,288,0,0,16,0,0,0,16,0
"901",2007,10,2007-10-25,"bc 1",10,1,184,456,0,0,700,0,92,0,0,0,0,0,0,20,0
"902",2007,10,2007-10-25,"bc 1",10,2,476,1480,0,0,1844,0,380,0,44,48,0,0,0,12,0
"903",2007,10,2007-10-25,"bc 1",10,3,216,1032,0,0,1552,0,416,0,144,24,0,0,0,16,0
"904",2007,10,2007-10-25,"bc 1",10,4,72,1084,0,0,1980,0,148,0,0,0,0,0,0,20,0
"905",2007,10,2007-10-25,"bc 1",10,5,32,3712,0,0,2064,0,160,0,48,0,0,0,0,128,0
"906",2007,10,2007-10-25,"bc 1",10,6,0,1640,0,0,760,0,108,0,0,0,0,0,0,12,0
"907",2007,10,2007-10-25,"bc 1",10,7,4,404,0,0,548,0,84,0,0,0,0,0,0,76,0
"908",2007,10,2007-10-25,"bc 1",10,8,2,6,0,0,208,0,18,0,0,0,0,0,0,4,0
"909",2007,10,2007-10-25,"bc 1",10,9,28,732,0,0,1676,0,136,0,4,0,0,0,0,40,0
"910",2007,10,2007-10-25,"bc 1",10,10,0,342,0,0,1186,0,222,0,6,16,0,0,0,32,0
"911",2007,10,2007-10-25,"bc 1",20,1,0,48,0,0,1132,0,92,0,12,0,0,0,0,64,0
"912",2007,10,2007-10-25,"bc 1",20,2,240,3648,0,0,3776,0,448,0,0,16,0,0,0,48,0
"913",2007,10,2007-10-25,"bc 1",20,3,64,136,0,0,280,0,12,0,0,4,0,0,0,32,0
"914",2007,10,2007-10-25,"bc 1",20,4,0,28,0,0,108,0,8,0,0,0,0,0,0,28,0
"915",2007,10,2007-10-25,"bc 1",20,5,16,160,0,0,168,0,0,0,48,0,0,0,0,40,0
"916",2007,10,2007-10-25,"bc 1",20,6,32,13616,0,0,936,0,24,0,0,0,0,0,0,16,0
"917",2007,10,2007-10-25,"bc 1",20,7,48,9856,0,0,1392,0,0,0,32,0,0,0,0,32,0
"918",2007,10,2007-10-25,"bc 1",20,8,0,1476,0,0,162,0,0,0,14,0,0,0,0,6,0
"919",2007,10,2007-10-25,"bc 1",20,9,0,100,0,0,282,0,20,0,0,0,0,0,0,12,0
"920",2007,10,2007-10-25,"bc 1",20,10,64,424,0,0,2016,0,604,0,0,0,0,0,0,32,0
"921",2007,10,2007-10-25,"bc 1",30,1,32,76,0,0,212,0,28,0,0,2,0,0,0,6,0
"922",2007,10,2007-10-25,"bc 1",30,2,4,0,0,0,156,0,10,0,0,0,0,0,0,28,0
"923",2007,10,2007-10-25,"bc 1",30,3,608,96,0,0,4032,0,288,0,0,0,0,0,0,0,0
"924",2007,10,2007-10-25,"bc 1",30,4,96,112,0,0,2440,0,48,0,0,8,0,0,0,24,0
"925",2007,10,2007-10-25,"bc 1",30,5,64,48,0,0,2816,0,96,0,0,80,0,0,0,48,0
"926",2007,10,2007-10-25,"bc 1",30,6,20,112,0,0,1076,0,60,0,4,0,0,0,0,44,0
"927",2007,10,2007-10-25,"bc 1",30,7,8,254,0,0,536,0,6,0,96,24,0,0,0,4,0
"928",2007,10,2007-10-25,"bc 1",30,8,0,16,0,0,2160,0,144,0,0,32,0,0,0,0,0
"929",2007,10,2007-10-25,"bc 1",30,9,0,8,0,0,10,0,0,0,0,0,0,0,0,0,0
"930",2007,10,2007-10-25,"bc 1",30,10,0,0,0,0,316,0,16,0,0,0,2,0,0,14,0
"931",2008,11,2008-11-16,"bc 1",30,6,0,0,0,0,0,0,0,0,0,0,0,0,0,0,0
"932",2008,11,2008-11-16,"bc 1",30,7,0,0,0,0,0,0,0,0,0,0,0,0,0,0,0
"933",2008,11,2008-11-21,"bc 1",10,1,56,84,0,0,524,0,204,0,0,0,0,0,0,16,0
"934",2008,11,2008-11-21,"bc 1",10,2,8,120,0,0,124,0,14,0,4,0,0,0,0,8,0
"935",2008,11,2008-11-21,"bc 1",10,3,5,92,0,0,218,0,33,0,2,0,0,0,0,10,0
"936",2008,11,2008-11-21,"bc 1",10,4,10,166,0,0,346,0,24,0,0,2,0,0,0,34,0
"937",2008,11,2008-11-21,"bc 1",10,5,0,9,0,2,24,0,0,0,0,0,0,0,0,2,0
"938",2008,11,2008-11-21,"bc 1",10,6,64,1408,0,1,832,0,64,0,64,32,0,0,0,32,0
"939",2008,11,2008-11-21,"bc 1",10,7,128,640,0,0,1280,0,64,0,0,0,0,0,0,48,0
"940",2008,11,2008-11-21,"bc 1",10,8,0,32,0,1,848,0,64,0,256,16,0,0,0,32,0
"941",2008,11,2008-11-21,"bc 1",10,9,40,632,0,0,1008,0,48,0,32,0,0,0,0,0,0
"942",2008,11,2008-11-21,"bc 1",10,10,80,928,0,0,2032,0,48,0,0,0,0,0,0,16,0
"943",2008,11,2008-11-21,"bc 1",20,1,2,2,0,2,57,0,7,0,0,0,0,0,0,1,0
"944",2008,11,2008-11-21,"bc 1",20,2,128,1312,0,0,3808,0,384,0,64,0,0,0,0,160,0
"945",2008,11,2008-11-21,"bc 1",20,4,0,16,0,1,272,0,64,0,0,0,0,0,0,112,0
"946",2008,11,2008-11-21,"bc 1",20,5,8,0,0,16,1264,0,88,0,16,0,0,0,0,88,0
"947",2008,11,2008-11-21,"bc 1",20,6,0,6,0,0,262,0,47,0,0,0,0,0,0,24,0
"948",2008,11,2008-11-21,"bc 1",20,7,8,32,0,0,496,0,24,0,0,0,0,0,0,32,0
"949",2008,11,2008-11-21,"bc 1",20,8,8,64,0,1,212,0,12,0,0,0,0,0,0,28,0
"950",2008,11,2008-11-21,"bc 1",20,9,4,136,0,0,936,0,160,0,0,0,0,0,0,8,0
"951",2008,11,2008-11-21,"bc 1",20,10,12,34,0,0,39,0,2,0,0,0,0,0,0,2,0
"952",2008,11,2008-11-21,"bc 1",30,1,4,24,0,0,244,0,72,0,0,8,0,0,0,28,0
"953",2008,11,2008-11-21,"bc 1",30,5,0,64,0,0,2368,0,128,0,640,192,0,0,0,0,0
"954",2008,11,2008-11-21,"bc 1",30,6,0,8,0,12,88,0,8,0,8,0,0,0,0,0,0
"955",2008,11,2008-11-21,"bc 1",30,7,3,0,0,0,11,0,0,0,1,0,0,0,0,1,0
"956",2008,11,2008-11-21,"bc 1",30,8,8,20,0,4,60,0,0,0,2,4,0,0,0,2,0
"957",2008,11,2008-11-21,"bc 1",30,9,3,3,0,4,10,0,1,0,1,0,0,0,1,0,0
"958",2008,11,2008-11-21,"bc 1",30,10,1,1,0,6,40,0,0,0,0,0,0,0,0,6,0
"959",2009,11,2009-11-05,"bc 1",10,1,104,2624,0,0,408,0,0,0,128,0,0,0,0,32,0
"960",2009,11,2009-11-05,"bc 1",10,2,28,540,0,0,480,0,4,0,8,4,0,0,0,8,0
"961",2009,11,2009-11-05,"bc 1",10,3,52,64,0,0,524,0,0,0,116,0,0,0,0,4,0
"962",2009,11,2009-11-05,"bc 1",10,4,28,160,0,0,796,0,0,0,60,0,0,0,0,28,0
"963",2009,11,2009-11-05,"bc 1",10,5,0,60,0,0,512,0,0,0,24,0,0,0,8,0,0
"964",2009,11,2009-11-05,"bc 1",10,6,14,1008,0,0,208,0,0,0,16,0,0,0,0,6,0
"965",2009,11,2009-11-05,"bc 1",10,7,132,1188,0,0,1408,0,0,0,328,0,0,0,0,84,0
"966",2009,11,2009-11-05,"bc 1",10,8,36,534,0,0,3146,0,2,0,50,2,2,0,0,8,0
"967",2009,11,2009-11-05,"bc 1",10,9,0,1488,0,0,1312,0,16,0,64,0,0,0,0,0,0
"968",2009,11,2009-11-05,"bc 1",10,10,0,12448,0,0,4608,0,0,0,288,0,0,0,0,0,0
"969",2009,11,2009-11-05,"bc 1",20,1,64,160,0,0,624,0,0,0,0,0,0,0,64,0,0
"970",2009,11,2009-11-05,"bc 1",20,2,0,32,0,0,2320,0,0,0,128,0,0,0,32,0,0
"971",2009,11,2009-11-05,"bc 1",20,3,16,244,0,0,852,0,0,0,48,0,0,0,0,20,0
"972",2009,11,2009-11-05,"bc 1",20,4,784,992,0,0,3360,0,16,0,272,80,0,0,0,0,0
"973",2009,11,2009-11-05,"bc 1",20,5,0,0,0,0,224,0,48,0,32,16,0,0,32,0,0
"974",2009,11,2009-11-05,"bc 1",20,6,0,512,0,0,3200,0,896,0,0,0,0,0,256,0,0
"975",2009,11,2009-11-05,"bc 1",20,7,12,28,0,0,308,0,0,0,68,4,0,0,12,0,0
"976",2009,11,2009-11-05,"bc 1",20,8,576,9408,0,0,2560,0,0,0,128,0,0,0,128,64,0
"977",2009,11,2009-11-05,"bc 1",20,9,0,152,0,0,3328,0,24,0,188,64,0,0,20,24,0
"978",2009,11,2009-11-05,"bc 1",20,10,0,0,0,0,224,0,0,0,64,0,0,0,0,0,0
"979",2009,11,2009-11-05,"bc 1",30,1,448,1024,0,0,10496,0,0,0,256,64,0,0,256,0,0
"980",2009,11,2009-11-05,"bc 1",30,2,0,48,0,0,4816,0,0,0,192,0,0,0,16,112,0
"981",2009,11,2009-11-05,"bc 1",30,3,80,248,0,0,2064,0,0,0,104,56,0,0,8,72,0
"982",2009,11,2009-11-05,"bc 1",30,4,0,10,0,0,324,0,6,0,6,0,0,0,0,0,0
"983",2009,11,2009-11-05,"bc 1",30,5,128,64,0,0,3328,0,0,0,128,0,0,0,64,0,0
"984",2009,11,2009-11-05,"bc 1",30,6,4,48,0,0,676,0,0,0,12,4,0,0,20,24,0
"985",2009,11,2009-11-05,"bc 1",30,7,0,96,0,0,6624,0,128,0,192,32,0,0,0,32,0
"986",2009,11,2009-11-05,"bc 1",30,8,0,40,0,0,904,0,0,0,60,24,0,0,8,8,0
"987",2009,11,2009-11-05,"bc 1",30,9,0,0,0,0,648,0,16,0,24,16,0,0,80,40,0
"988",2009,11,2009-11-05,"bc 1",30,10,0,46,0,0,64,0,0,0,4,6,0,0,6,6,0
"989",2009,11,2009-11-20,"diablo",10,1,104,3240,0,0,928,0,0,0,32,0,0,0,0,0,0
"990",2009,11,2009-11-20,"diablo",10,2,76,2280,0,0,1104,0,0,0,40,0,0,0,8,4,0
"991",2009,11,2009-11-20,"diablo",10,3,16,3600,0,0,992,0,0,0,0,0,0,0,0,8,88
"992",2009,11,2009-11-20,"diablo",10,4,0,7232,0,0,656,0,0,0,0,0,0,0,0,0,0
"993",2009,11,2009-11-20,"diablo",10,5,16,1232,0,0,400,0,0,0,56,0,0,0,0,0,0
"994",2009,11,2009-11-20,"diablo",10,6,0,1768,0,0,168,0,0,0,0,0,0,0,0,0,0
"995",2009,11,2009-11-20,"diablo",10,7,96,8720,0,0,928,0,0,0,0,0,0,0,0,0,0
"996",2009,11,2009-11-20,"diablo",10,8,8,3944,0,0,544,0,8,0,48,0,0,0,8,0,0
"997",2009,11,2009-11-20,"diablo",10,9,0,7872,0,0,768,0,0,0,0,0,0,0,96,32,0
"998",2009,11,2009-11-20,"diablo",10,10,24,1088,0,0,1664,0,16,0,24,0,0,0,0,0,0
"999",2009,11,2009-11-20,"diablo",20,1,208,20072,0,0,2392,0,0,0,104,8,0,0,8,72,0
"1000",2009,11,2009-11-20,"diablo",20,2,0,80,0,0,3008,0,0,0,112,0,0,0,16,112,0
"1001",2009,11,2009-11-20,"diablo",20,3,0,1112,0,0,1936,0,0,0,40,0,0,0,8,32,0
"1002",2009,11,2009-11-20,"diablo",20,4,96,1344,0,0,2896,0,400,0,160,0,0,0,32,0,0
"1003",2009,11,2009-11-20,"diablo",20,5,64,28288,0,0,3136,0,128,0,64,0,0,0,64,128,0
"1004",2009,11,2009-11-20,"diablo",20,6,0,36,0,0,344,0,0,0,4,0,0,0,20,4,0
"1005",2009,11,2009-11-20,"diablo",20,7,0,24,0,0,868,0,4,0,8,0,0,0,24,4,248
"1006",2009,11,2009-11-20,"diablo",20,8,0,72,0,0,1656,0,24,0,72,0,8,0,0,24,0
"1007",2009,11,2009-11-20,"diablo",20,9,0,40,0,0,368,0,4,0,4,0,8,0,4,16,0
"1008",2009,11,2009-11-20,"diablo",20,10,4,42,0,0,270,0,0,0,16,2,0,0,2,22,0
"1009",2009,11,2009-11-20,"diablo",30,1,0,2,0,0,261,0,0,0,5,0,0,0,0,0,0
"1010",2009,11,2009-11-20,"diablo",30,2,0,24,0,0,676,0,8,0,32,0,0,0,0,4,0
"1011",2009,11,2009-11-20,"diablo",30,3,0,24,0,0,420,0,0,0,4,0,0,0,8,0,0
"1012",2009,11,2009-11-20,"diablo",30,4,0,10,0,0,44,0,4,0,0,0,0,0,2,2,0
"1013",2009,11,2009-11-20,"diablo",30,5,0,28,0,0,491,0,2,0,5,3,0,0,0,4,0
"1014",2009,11,2009-11-20,"diablo",30,6,0,26,0,0,162,0,2,0,0,0,0,0,0,2,0
"1015",2009,11,2009-11-20,"diablo",30,7,0,64,0,0,192,0,8,0,8,0,0,0,16,0,0
"1016",2009,11,2009-11-20,"diablo",30,8,0,5,0,0,27,0,0,0,0,0,0,0,4,0,0
"1017",2009,11,2009-11-20,"diablo",30,9,0,0,0,0,308,0,0,0,8,0,0,0,8,4,0
"1018",2009,11,2009-11-20,"diablo",30,10,0,2,0,0,120,0,2,0,2,0,0,0,0,2,0
"1019",2010,10,2010-10-20,"bc 1",10,1,0,2200,0,0,184,0,4,0,24,0,0,0,0,12,0
"1020",2010,10,2010-10-20,"bc 1",10,2,0,6176,0,0,256,0,0,0,0,0,0,0,0,0,0
"1021",2010,10,2010-10-20,"bc 1",10,3,4,93,0,0,322,0,2,0,9,2,0,0,3,6,0
"1022",2010,10,2010-10-20,"bc 1",10,4,0,152,0,0,568,0,4,0,28,12,0,0,8,100,0
"1023",2010,10,2010-10-20,"bc 1",10,5,0,5024,0,0,1216,0,0,0,128,0,0,0,32,128,0
"1024",2010,10,2010-10-20,"bc 1",10,6,0,33,0,0,310,0,9,0,16,0,0,0,0,21,0
"1025",2010,10,2010-10-20,"bc 1",10,7,0,7328,0,0,2144,0,0,0,160,0,0,0,0,32,0
"1026",2010,10,2010-10-20,"bc 1",10,8,0,496,0,0,480,0,0,0,32,0,0,0,8,16,0
"1027",2010,10,2010-10-20,"bc 1",10,9,32,4400,0,0,704,0,0,0,48,0,0,0,0,64,0
"1028",2010,10,2010-10-20,"bc 1",10,10,128,15616,0,0,1216,0,0,0,0,0,0,0,0,0,0
"1029",2010,10,2010-10-20,"bc 1",20,1,12,62,0,0,648,0,0,0,32,0,0,0,0,48,0
"1030",2010,10,2010-10-20,"bc 1",20,2,0,192,0,0,680,0,0,0,28,0,0,0,12,52,0
"1031",2010,10,2010-10-20,"bc 1",20,3,8,200,0,0,496,0,32,0,0,0,0,0,32,64,0
"1032",2010,10,2010-10-20,"bc 1",20,4,0,120,0,0,552,0,8,0,48,0,0,0,32,32,0
"1033",2010,10,2010-10-20,"bc 1",20,5,4,88,0,0,372,0,8,0,12,0,0,0,0,40,0
"1034",2010,10,2010-10-20,"bc 1",20,6,0,4,0,2,194,0,0,0,8,0,0,0,2,16,0
"1035",2010,10,2010-10-20,"bc 1",20,7,0,32,0,0,208,0,4,0,8,0,0,0,16,20,0
"1036",2010,10,2010-10-20,"bc 1",20,8,0,40,0,0,68,0,2,0,0,0,0,0,4,20,0
"1037",2010,10,2010-10-20,"bc 1",20,9,1,6,0,0,6,0,0,0,0,0,0,0,0,0,0
"1038",2010,10,2010-10-20,"bc 1",20,10,0,9,0,0,1336,0,208,0,80,0,0,0,4,24,0
"1039",2010,10,2010-10-20,"bc 1",30,1,0,12,0,0,476,0,12,0,4,0,0,0,4,28,0
"1040",2010,10,2010-10-20,"bc 1",30,2,0,12,0,0,216,0,4,0,4,0,0,0,12,12,0
"1041",2010,10,2010-10-20,"bc 1",30,3,32,0,0,0,1824,0,0,0,16,0,0,0,32,16,0
"1042",2010,10,2010-10-20,"bc 1",30,4,0,16,0,0,1104,0,0,0,16,32,0,0,208,0,0
"1043",2010,10,2010-10-20,"bc 1",30,5,0,2,0,0,284,0,0,0,4,2,0,0,0,8,34
"1044",2010,10,2010-10-20,"bc 1",30,6,0,16,0,0,1888,0,0,0,0,0,0,0,16,80,0
"1045",2010,10,2010-10-20,"bc 1",30,7,0,0,0,0,232,0,0,0,0,0,0,0,112,8,0
"1046",2010,10,2010-10-20,"bc 1",30,8,0,5,0,0,32,0,0,0,1,0,0,0,0,3,0
"1047",2010,10,2010-10-20,"bc 1",30,9,0,8,0,0,1092,0,16,0,16,0,0,0,24,4,0
"1048",2010,10,2010-10-20,"bc 1",30,10,0,304,0,0,1320,0,104,0,64,0,0,0,0,0,0
"1049",2010,11,2010-11-16,"twin west",10,1,64,18880,0,0,320,0,0,0,32,0,0,0,64,0,0
"1050",2010,11,2010-11-16,"twin west",10,2,128,42368,0,0,2048,0,128,0,128,0,0,0,0,128,0
"1051",2010,11,2010-11-16,"twin west",10,3,8,432,0,0,176,0,0,0,4,0,0,0,0,0,0
"1052",2010,11,2010-11-16,"twin west",10,4,0,13440,0,0,448,0,0,0,32,0,0,0,0,0,0
"1053",2010,11,2010-11-16,"twin west",10,5,0,13,0,0,353,0,1,0,12,0,0,0,0,7,0
"1054",2010,11,2010-11-16,"twin west",10,6,0,160,0,0,424,0,0,0,0,8,0,0,8,72,0
"1055",2010,11,2010-11-16,"twin west",10,7,0,28,0,0,35,0,0,0,2,0,0,0,1,1,0
"1056",2010,11,2010-11-16,"twin west",10,8,0,3232,0,0,176,0,16,0,0,0,0,0,256,0,0
"1057",2010,11,2010-11-16,"twin west",10,9,2,216,0,0,74,0,0,0,2,0,0,0,0,4,0
"1058",2010,11,2010-11-16,"twin west",10,10,0,1370,0,0,35,0,0,0,0,0,0,0,2,1,0
"1059",2010,11,2010-11-16,"twin west",20,1,0,5,0,0,70,0,4,0,4,0,0,0,1,5,0
"1060",2010,11,2010-11-16,"twin west",20,2,0,7,0,0,85,0,1,0,0,0,1,0,0,0,0
"1061",2010,11,2010-11-16,"twin west",20,3,0,2,0,0,125,0,0,0,0,0,0,0,0,0,0
"1062",2010,11,2010-11-16,"twin west",20,4,0,96,0,0,1264,0,16,0,0,0,0,0,0,0,0
"1063",2010,11,2010-11-16,"twin west",20,5,0,10,0,0,157,0,0,0,4,2,0,0,0,0,0
"1064",2010,11,2010-11-16,"twin west",20,6,0,18,0,0,158,0,20,0,8,0,0,0,6,6,0
"1065",2010,11,2010-11-16,"twin west",20,7,0,0,0,0,264,0,0,0,0,0,0,0,4,16,0
"1066",2010,11,2010-11-16,"twin west",20,8,1,6,0,0,95,0,9,0,0,0,0,0,0,0,0
"1067",2010,11,2010-11-16,"twin west",20,9,0,12,0,0,936,0,0,0,64,0,0,0,4,0,0
"1068",2010,11,2010-11-16,"twin west",20,10,0,218,0,0,34,0,1,0,0,0,0,0,0,2,0
"1069",2010,11,2010-11-16,"twin west",30,1,0,4,0,0,926,0,0,0,31,32,0,0,2,14,0
"1070",2010,11,2010-11-16,"twin west",30,2,0,4,0,0,800,0,0,0,0,0,0,0,0,12,0
"1071",2010,11,2010-11-16,"twin west",30,3,0,2,0,0,75,0,0,0,1,1,0,0,0,0,0
"1072",2010,11,2010-11-16,"twin west",30,4,0,4,0,0,482,0,0,0,10,0,0,0,0,5,0
"1073",2010,11,2010-11-16,"twin west",30,5,0,60,0,0,232,0,8,0,8,0,0,0,4,4,0
"1074",2010,11,2010-11-16,"twin west",30,6,0,4,0,0,306,0,2,0,8,0,0,0,2,16,0
"1075",2010,11,2010-11-16,"twin west",30,7,0,64,0,0,456,0,8,0,0,0,0,0,0,4,0
"1076",2010,11,2010-11-16,"twin west",30,8,0,10,0,0,240,0,4,0,0,0,0,0,22,0,0
"1077",2010,11,2010-11-16,"twin west",30,9,0,4,0,0,560,0,0,0,4,0,0,0,0,20,0
"1078",2010,11,2010-11-16,"twin west",30,10,0,4,0,0,7,0,0,0,1,0,0,0,1,2,0
"1079",2011,10,2011-10-11,"diablo",10,2,0,48,0,0,248,0,0,0,0,0,0,0,48,32,0
"1080",2011,10,2011-10-11,"diablo",10,3,0,130,0,4,188,0,6,0,10,4,0,0,0,4,0
"1081",2011,10,2011-10-11,"diablo",10,4,0,640,0,0,1232,0,64,0,16,0,0,0,80,0,0
"1082",2011,10,2011-10-11,"diablo",10,5,0,7072,0,0,160,0,0,0,0,0,0,0,0,0,0
"1083",2011,10,2011-10-11,"diablo",10,6,4,1480,0,0,1012,0,20,0,16,0,4,0,4,12,0
"1084",2011,10,2011-10-11,"diablo",10,7,0,928,0,0,1824,0,0,0,96,96,0,0,384,32,0
"1085",2011,10,2011-10-11,"diablo",10,8,0,8880,0,0,432,0,0,0,0,0,0,0,8,20,0
"1086",2011,10,2011-10-11,"diablo",10,9,384,88832,0,0,1216,0,0,0,0,0,0,0,192,0,0
"1087",2011,10,2011-10-11,"diablo",20,1,0,14,0,0,168,0,2,0,6,0,0,0,22,16,0
"1088",2011,10,2011-10-11,"diablo",20,3,1,1,0,14,247,0,0,0,1,1,0,0,18,3,1
"1089",2011,10,2011-10-11,"diablo",20,4,0,5472,0,0,1472,0,64,0,64,0,0,0,416,0,0
"1090",2011,10,2011-10-11,"diablo",20,6,0,458,0,6,938,0,64,0,16,0,0,0,8,62,46
"1091",2011,10,2011-10-11,"diablo",20,8,12,256,0,4,924,0,0,0,4,0,0,0,100,44,0
"1092",2011,10,2011-10-11,"diablo",20,10,128,64,0,0,712,0,0,0,48,0,0,0,72,64,0
"1093",2011,10,2011-10-11,"diablo",30,1,0,19,0,0,373,0,0,0,0,0,0,0,0,10,0
"1094",2011,10,2011-10-11,"diablo",30,2,0,27,0,0,246,0,0,0,0,0,0,0,2,2,0
"1095",2011,10,2011-10-11,"diablo",30,4,1,6,0,0,62,0,0,0,2,0,0,0,1,2,0
"1096",2011,10,2011-10-11,"diablo",30,5,0,102,0,0,178,0,0,0,1,0,0,0,0,14,0
"1097",2011,10,2011-10-11,"diablo",30,6,0,2,0,0,14,0,1,0,0,0,0,0,9,2,5
"1098",2011,10,2011-10-11,"diablo",30,7,0,16,0,0,308,0,0,0,4,0,0,0,4,52,0
"1099",2011,10,2011-10-11,"diablo",30,8,2,6,0,2,348,0,0,0,0,2,0,0,18,4,0
"1100",2011,10,2011-10-11,"diablo",30,9,4,76,0,0,228,0,12,0,4,0,0,0,20,52,0
"1101",2011,10,2011-10-11,"diablo",30,10,0,72,0,0,540,0,0,0,4,0,0,0,0,56,0
"1102",2012,10,2012-10-16,"bc 1",10,1,0,66,0,0,230,0,10,0,36,0,0,0,0,6,0
"1103",2012,10,2012-10-16,"bc 1",10,4,8,414,0,8,90,0,0,0,2,4,0,0,2,0,0
"1104",2012,10,2012-10-16,"bc 1",10,6,32,4280,0,0,880,0,0,0,32,0,0,0,8,64,0
"1105",2012,10,2012-10-16,"bc 1",10,9,144,0,0,0,1192,0,72,0,88,0,0,0,16,16,0
"1106",2012,10,2012-10-16,"bc 1",10,10,8,1072,0,0,736,0,8,0,0,24,0,0,0,16,0
"1107",2012,10,2012-10-16,"bc 1",20,2,8,2624,0,0,688,0,0,0,16,0,0,0,0,72,0
"1108",2012,10,2012-10-16,"bc 1",20,3,0,120,0,0,180,0,8,0,0,0,0,0,0,16,0
"1109",2012,10,2012-10-16,"bc 1",20,4,16,288,0,16,1168,0,0,0,0,0,0,0,32,0,0
"1110",2012,10,2012-10-16,"bc 1",20,6,0,16,0,0,800,0,0,0,8,0,8,0,8,16,0
"1111",2012,10,2012-10-16,"bc 1",20,8,0,232,0,0,376,0,4,0,4,0,0,0,8,52,0
"1112",2012,10,2012-10-16,"bc 1",30,2,0,128,0,0,4288,0,0,0,48,0,0,0,48,192,0
"1113",2012,10,2012-10-16,"bc 1",30,3,0,6,0,0,1113,0,4,0,11,0,0,0,0,13,0
"1114",2012,10,2012-10-16,"bc 1",30,4,0,5,0,0,80,0,0,0,14,0,2,0,0,6,0
"1115",2012,10,2012-10-16,"bc 1",30,8,0,20,0,0,117,0,1,0,0,0,0,0,0,1,0
"1116",2012,10,2012-10-16,"bc 1",30,10,0,8,0,0,53,0,0,0,0,0,0,0,0,0,0
"1117",2012,10,2012-10-19,"diablo",10,1,144,8464,0,0,288,0,0,0,0,16,0,0,0,64,0
"1118",2012,10,2012-10-19,"diablo",10,2,0,4,0,0,398,0,0,0,6,0,0,0,30,6,262.8
"1119",2012,10,2012-10-19,"diablo",10,5,0,92,0,0,1600,0,28,0,124,668,0,0,12,8,0
"1120",2012,10,2012-10-19,"diablo",10,10,16,3052,0,0,1548,0,10,0,10,0,8,0,0,14,0
"1121",2012,10,2012-10-19,"diablo",20,3,11,184,0,0,428,0,5,0,31,0,0,0,2,15,0
"1122",2012,10,2012-10-19,"diablo",20,4,24,1496,0,0,456,0,0,0,0,0,0,0,8,0,0
"1123",2012,10,2012-10-19,"diablo",20,5,0,984,0,0,716,0,8,0,96,128,0,0,4,304,0
"1124",2012,10,2012-10-19,"diablo",20,9,0,109,0,0,277,0,0,0,1,0,0,0,2,0,0
"1125",2012,10,2012-10-19,"diablo",30,4,0,34,0,0,162,0,5,0,5,0,0,0,5,8,0
"1126",2012,10,2012-10-19,"diablo",30,5,1,93,0,0,361,0,4,0,16,1,0,0,8,31,0
"1127",2012,10,2012-10-19,"diablo",30,8,0,22,0,0,378,0,2,0,14,124,0,0,2,4,0
"1128",2012,10,2012-10-19,"diablo",30,9,0,11,0,0,660,0,2,0,5,52,0,0,5,3,0
"1129",2012,10,2012-10-31,"twin west",10,4,0,3224,0,0,272,0,0,0,8,0,0,0,8,32,0
"1130",2012,10,2012-10-31,"twin west",10,6,0,1324,0,0,436,0,0,0,12,0,0,0,4,28,0
"1131",2012,10,2012-10-31,"twin west",10,8,0,1568,0,0,2692,0,152,0,132,272,0,0,24,16,0
"1132",2012,10,2012-10-31,"twin west",10,10,0,920,0,0,256,0,0,0,0,0,0,0,0,8,0
"1133",2012,10,2012-10-31,"twin west",20,1,0,6,0,0,347,0,3,0,0,1,0,0,0,1,0
"1134",2012,10,2012-10-31,"twin west",20,3,1,2,0,0,7,0,0,0,1,0,0,0,0,0,0
"1135",2012,10,2012-10-31,"twin west",20,4,0,56,0,0,398,0,4,0,12,0,0,0,6,0,0
"1136",2012,10,2012-10-31,"twin west",20,8,0,12,0,0,234,0,7,0,7,0,0,0,0,0,0
"1137",2012,10,2012-10-31,"twin west",30,3,0,3,0,0,373,0,2,0,29,0,0,0,0,19,0
"1138",2012,10,2012-10-31,"twin west",30,4,1,21,0,0,299,0,0,0,8,0,0,0,0,16,0
"1139",2012,10,2012-10-31,"twin west",30,5,0,6,0,0,44,0,0,0,0,0,0,0,1,0,0
"1140",2012,10,2012-10-31,"twin west",30,8,0,3,0,0,88,0,1,0,8,0,0,0,0,7,0
"1141",2013,10,2013-10-15,"twin west",10,1,0,20176,0,0,2032,0,48,0,80,0,0,0,96,64,0
"1142",2013,10,2013-10-15,"twin west",10,5,0,2280,0,0,1388,0,0,0,64,100,0,0,0,4,0
"1143",2013,10,2013-10-15,"twin west",10,10,0,6440,0,0,1048,0,0,0,24,24,0,0,8,40,0
"1144",2013,10,2013-10-15,"twin west",20,6,0,41,0,0,400,0,11,0,2,0,16,0,0,14,0
"1145",2013,10,2013-10-15,"twin west",20,8,0,392,0,0,1156,0,16,0,32,0,0,0,4,76,0
"1146",2013,10,2013-10-15,"twin west",30,4,0,172,0,0,462,0,2,0,0,0,0,0,0,4,0
"1147",2013,10,2013-10-15,"twin west",30,6,0,0,0,0,714,0,6,0,12,0,0,0,0,6,0
"1148",2013,10,2013-10-15,"twin west",30,7,0,18,0,0,524,0,0,0,11,0,1,0,1,45,0
"1149",2013,10,2013-10-15,"twin west",30,10,0,104,0,0,1520,0,24,0,24,24,0,0,48,0,0
"1150",2013,10,2013-10-21,"bc 1",10,4,0,54,0,0,590,0,22,0,56,212,0,0,2,22,0
"1151",2013,10,2013-10-21,"bc 1",10,5,16,8208,0,0,608,0,16,0,16,0,0,0,96,32,0
"1152",2013,10,2013-10-21,"bc 1",10,10,0,1304,0,0,576,0,8,0,72,0,0,0,0,8,0
"1153",2013,10,2013-10-21,"bc 1",20,3,0,227,0,0,394,0,0,0,2,0,0,0,0,9,0
"1154",2013,10,2013-10-21,"bc 1",20,9,0,0,0,0,6,0,0,0,8,0,0,0,0,1,0
"1155",2013,10,2013-10-21,"bc 1",20,10,4,7,0,0,30,0,13,0,8,1,0,0,5,21,0
"1156",2013,10,2013-10-21,"bc 1",30,4,0,0,0,0,107,0,0,0,0,0,0,0,0,2,0
"1157",2013,10,2013-10-21,"bc 1",30,7,0,22,0,0,77,0,0,0,10,0,0,0,1,2,35
"1158",2013,10,2013-10-21,"bc 1",30,8,0,0,0,0,91,0,0,0,0,1,0,0,0,2,0
"1159",2013,10,2013-10-31,"diablo",10,1,0,50,0,0,622,0,14,0,14,0,0,0,4,8,0
"1160",2013,10,2013-10-31,"diablo",10,2,0,1400,0,0,191,0,10,0,0,0,0,0,0,1,0
"1161",2013,10,2013-10-31,"diablo",10,8,0,974,0,0,668,0,7,0,6,29,0,0,0,0,0
"1162",2013,10,2013-10-31,"diablo",20,1,0,9,0,0,55,0,2,0,2,0,0,0,0,0,0
"1163",2013,10,2013-10-31,"diablo",20,5,24,0,0,0,1696,0,0,0,0,0,0,0,0,32,0
"1164",2013,10,2013-10-31,"diablo",20,8,0,5,0,0,560,0,2,0,0,0,0,0,10,5,0
"1165",2013,10,2013-10-31,"diablo",20,9,0,118,0,0,732,0,8,0,32,0,2,0,0,104,0
"1166",2013,10,2013-10-31,"diablo",30,2,0,4,0,0,269,0,0,0,1,0,0,0,1,9,0
"1167",2013,10,2013-10-31,"diablo",30,3,0,121,0,0,1395,0,4,0,15,0,0,0,12,11,0
"1168",2013,10,2013-10-31,"diablo",30,7,0,68,0,0,546,0,6,0,0,2,0,0,16,60,0
"1169",2013,10,2013-10-31,"diablo",30,10,0,265,0,0,101,0,18,0,0,19,0,0,54,26,0
"1170",2014,10,2014-10-28,"twin west",20,6,0,2,0,0,223,0,2,0,53,0,0,0,6,35,0
"1171",2014,10,2014-10-28,"twin west",20,8,0,16,0,0,952,0,288,0,56,0,0,0,0,24,0
"1172",2014,10,2014-10-28,"twin west",30,2,0,6,0,0,354,0,0,0,47,0,0,0,1,60,0
"1173",2014,10,2014-10-29,"diablo",10,4,0,283,0,0,189,0,3,0,4,0,0,0,0,1,0
"1174",2014,10,2014-10-29,"diablo",30,5,0,3,0,0,19,0,0,0,0,0,0,0,2,0,0
"1175",2014,10,2014-10-30,"bc 1",20,1,1,15,0,0,5,0,3,0,1,0,0,0,0,0,0
"1176",2014,10,2014-10-30,"bc 1",20,7,0,2,0,0,44,0,0,0,0,0,0,0,0,0,0
"1177",2014,10,2014-10-30,"bc 1",30,4,0,2,0,0,52,0,0,0,1,0,0,0,4,0,0
"1178",2014,10,2014-10-30,"bc 1",30,6,0,0,0,0,2,0,0,0,0,0,0,0,1,0,0
