"","year","month","date","site","depth","rep","Gammaridae","Idoteidae","Joeropsididae","Sphaeromatidae","Mysidae","Strongylocentrotidae","Caprellidae","Caligidae","Sclerodactylidae","Cucumariidae","Munnidae","Nephropidae","Janiridae","Gnathiidae","Cirolanidae"
"1",2009,11,2009-11-05,"bc 1",10,1,1,0,1,1,0,0,1,1,0,0,0,0,0,0,0
"2",2009,11,2009-11-05,"bc 1",10,2,1,1,1,1,0,0,1,1,0,0,1,0,0,0,0
"3",2009,11,2009-11-05,"bc 1",10,3,1,0,1,1,0,0,1,1,0,0,0,0,0,0,0
"4",2009,11,2009-11-05,"bc 1",10,4,1,0,1,1,0,0,1,1,0,0,0,0,0,0,0
"5",2009,11,2009-11-05,"bc 1",10,5,1,0,1,0,0,0,1,0,1,0,0,0,0,0,0
"6",2009,11,2009-11-05,"bc 1",10,6,1,0,1,1,0,0,1,1,0,0,0,0,0,0,0
"7",2009,11,2009-11-05,"bc 1",10,7,1,0,1,1,0,0,1,1,0,0,0,0,0,0,0
"8",2009,11,2009-11-05,"bc 1",10,8,1,1,1,1,1,0,1,1,0,0,1,0,0,0,0
"9",2009,11,2009-11-05,"bc 1",10,9,1,1,1,0,0,0,1,0,0,0,0,0,0,0,0
"10",2009,11,2009-11-05,"bc 1",10,10,1,0,1,0,0,0,1,0,0,0,0,0,0,0,0
"11",2009,11,2009-11-05,"bc 1",20,1,1,0,0,0,0,0,1,1,1,0,0,0,0,0,0
"12",2009,11,2009-11-05,"bc 1",20,2,1,0,1,0,0,0,1,0,1,0,0,0,0,0,0
"13",2009,11,2009-11-05,"bc 1",20,3,1,0,1,1,0,0,1,1,0,0,0,0,0,0,0
"14",2009,11,2009-11-05,"bc 1",20,4,1,1,1,0,0,0,1,1,0,0,1,0,0,0,0
"15",2009,11,2009-11-05,"bc 1",20,5,1,1,1,0,0,0,0,0,1,0,1,0,0,0,0
"16",2009,11,2009-11-05,"bc 1",20,6,1,1,0,0,0,0,1,0,1,0,0,0,0,0,0
"17",2009,11,2009-11-05,"bc 1",20,7,1,0,1,0,0,0,1,1,2,0,1,0,0,0,0
"18",2009,11,2009-11-05,"bc 1",20,8,1,0,1,1,0,0,1,1,1,0,0,0,0,0,0
"19",2009,11,2009-11-05,"bc 1",20,9,1,1,1,1,0,0,1,0,1,0,1,0,0,0,0
"20",2009,11,2009-11-05,"bc 1",20,10,1,0,1,0,0,0,0,0,0,0,0,0,0,0,0
"21",2009,11,2009-11-05,"bc 1",30,1,1,0,1,0,0,0,1,1,1,0,1,0,0,0,0
"22",2009,11,2009-11-05,"bc 1",30,2,1,0,1,1,0,0,1,0,1,0,0,0,0,0,0
"23",2009,11,2009-11-05,"bc 1",30,3,1,0,1,1,0,0,1,1,1,0,1,0,0,0,0
"24",2009,11,2009-11-05,"bc 1",30,4,1,1,1,0,0,0,1,0,0,0,0,0,0,0,0
"25",2009,11,2009-11-05,"bc 1",30,5,1,0,1,0,0,0,1,1,1,0,0,0,0,0,0
"26",2009,11,2009-11-05,"bc 1",30,6,1,0,1,1,0,0,1,1,1,0,1,0,0,0,0
"27",2009,11,2009-11-05,"bc 1",30,7,1,1,1,1,0,0,1,0,0,0,1,0,0,0,0
"28",2009,11,2009-11-05,"bc 1",30,8,1,0,1,1,0,0,1,0,2,0,1,0,0,0,0
"29",2009,11,2009-11-05,"bc 1",30,9,1,1,1,1,0,0,0,0,1,0,1,0,0,0,0
"30",2009,11,2009-11-05,"bc 1",30,10,1,0,1,1,0,0,1,0,1,0,1,0,0,0,0
"31",2009,11,2009-11-20,"diablo",10,1,1,0,1,0,0,0,1,1,0,0,0,0,0,0,0
"32",2009,11,2009-11-20,"diablo",10,2,1,0,1,1,0,0,1,1,1,0,0,0,0,0,0
"33",2009,11,2009-11-20,"diablo",10,3,1,0,0,1,0,1,1,1,0,0,0,0,0,0,0
"34",2009,11,2009-11-20,"diablo",10,4,1,0,0,0,0,0,1,0,0,0,0,0,0,0,0
"35",2009,11,2009-11-20,"diablo",10,5,1,0,1,0,0,0,1,1,0,0,0,0,0,0,0
"36",2009,11,2009-11-20,"diablo",10,6,1,0,0,0,0,0,1,0,0,0,0,0,0,0,0
"37",2009,11,2009-11-20,"diablo",10,7,1,0,0,0,0,0,1,1,0,0,0,0,0,0,0
"38",2009,11,2009-11-20,"diablo",10,8,1,1,1,0,0,0,1,1,1,0,0,0,0,0,0
"39",2009,11,2009-11-20,"diablo",10,9,1,0,0,1,0,0,1,0,1,0,0,0,0,0,0
"40",2009,11,2009-11-20,"diablo",10,10,1,1,1,0,0,0,1,1,0,0,0,0,0,0,0
"41",2009,11,2009-11-20,"diablo",20,1,1,0,1,1,0,0,1,1,1,0,1,0,0,0,0
"42",2009,11,2009-11-20,"diablo",20,2,1,0,1,1,0,0,1,0,1,0,0,0,0,0,0
"43",2009,11,2009-11-20,"diablo",20,3,1,0,1,1,0,0,1,0,1,0,0,0,0,0,0
"44",2009,11,2009-11-20,"diablo",20,4,1,1,1,0,0,0,1,1,1,0,0,0,0,0,0
"45",2009,11,2009-11-20,"diablo",20,5,1,1,1,1,0,0,2,1,1,0,0,0,0,0,0
"46",2009,11,2009-11-20,"diablo",20,6,1,0,1,1,0,0,1,0,1,0,0,0,0,0,0
"47",2009,11,2009-11-20,"diablo",20,7,1,1,1,1,0,1,1,0,1,0,0,0,0,0,0
"48",2009,11,2009-11-20,"diablo",20,8,1,1,1,1,1,0,1,0,0,0,0,0,0,0,0
"49",2009,11,2009-11-20,"diablo",20,9,1,1,1,1,1,0,1,0,1,0,0,0,0,0,0
"50",2009,11,2009-11-20,"diablo",20,10,1,0,1,1,0,0,1,1,1,0,1,0,0,0,0
"51",2009,11,2009-11-20,"diablo",30,1,1,0,1,0,0,0,1,0,0,0,0,0,0,0,0
"52",2009,11,2009-11-20,"diablo",30,2,1,1,1,1,0,0,1,0,0,0,0,0,0,0,0
"53",2009,11,2009-11-20,"diablo",30,3,1,0,1,0,0,0,1,0,1,0,0,0,0,0,0
"54",2009,11,2009-11-20,"diablo",30,4,1,1,0,1,0,0,1,0,1,0,0,0,0,0,0
"55",2009,11,2009-11-20,"diablo",30,5,1,1,1,1,0,0,1,0,0,0,1,0,0,0,0
"56",2009,11,2009-11-20,"diablo",30,6,1,1,0,1,0,0,1,0,0,0,0,0,0,0,0
"57",2009,11,2009-11-20,"diablo",30,7,1,1,1,0,0,0,1,0,1,0,0,0,0,0,0
"58",2009,11,2009-11-20,"diablo",30,8,1,0,0,0,0,0,1,0,1,0,0,0,0,0,0
"59",2009,11,2009-11-20,"diablo",30,9,1,0,1,1,0,0,0,0,1,0,0,0,0,0,0
"60",2009,11,2009-11-20,"diablo",30,10,1,1,1,1,0,0,1,0,0,0,0,0,0,0,0
"61",2010,10,2010-10-20,"bc 1",10,1,1,1,1,1,0,0,1,0,0,0,0,0,0,0,0
"62",2010,10,2010-10-20,"bc 1",10,2,1,0,0,0,0,0,1,0,0,0,0,0,0,0,0
"63",2010,10,2010-10-20,"bc 1",10,3,1,1,1,1,0,0,1,1,1,0,1,0,0,0,0
"64",2010,10,2010-10-20,"bc 1",10,4,1,1,1,1,0,0,1,0,1,0,1,0,0,0,0
"65",2010,10,2010-10-20,"bc 1",10,5,1,0,1,1,0,0,1,0,1,0,0,0,0,0,0
"66",2010,10,2010-10-20,"bc 1",10,6,1,1,1,1,0,0,1,0,0,0,0,0,0,0,0
"67",2010,10,2010-10-20,"bc 1",10,7,1,0,1,1,0,0,1,0,0,0,0,0,0,0,0
"68",2010,10,2010-10-20,"bc 1",10,8,1,0,1,1,0,0,1,0,1,0,0,0,0,0,0
"69",2010,10,2010-10-20,"bc 1",10,9,1,0,1,1,0,0,1,1,0,0,0,0,0,0,0
"70",2010,10,2010-10-20,"bc 1",10,10,1,0,0,0,0,0,1,1,0,0,0,0,0,0,0
"71",2010,10,2010-10-20,"bc 1",20,1,1,0,1,1,0,0,1,1,0,0,0,0,0,0,0
"72",2010,10,2010-10-20,"bc 1",20,2,1,0,1,1,0,0,1,0,2,0,0,0,0,0,0
"73",2010,10,2010-10-20,"bc 1",20,3,1,1,0,1,0,0,1,1,1,0,0,0,0,0,0
"74",2010,10,2010-10-20,"bc 1",20,4,1,1,1,1,0,0,1,0,1,0,0,0,0,0,0
"75",2010,10,2010-10-20,"bc 1",20,5,1,1,1,1,0,0,1,1,0,0,0,0,0,0,0
"76",2010,10,2010-10-20,"bc 1",20,6,1,0,1,1,0,0,1,0,1,1,0,0,0,0,0
"77",2010,10,2010-10-20,"bc 1",20,7,1,1,1,1,0,0,1,0,1,0,0,0,0,0,0
"78",2010,10,2010-10-20,"bc 1",20,8,1,1,0,1,0,0,1,0,1,0,0,0,0,0,0
"79",2010,10,2010-10-20,"bc 1",20,9,1,0,0,0,0,0,1,1,0,0,0,0,0,0,0
"80",2010,10,2010-10-20,"bc 1",20,10,1,1,1,1,0,0,1,0,1,0,0,0,0,0,0
"81",2010,10,2010-10-20,"bc 1",30,1,1,1,1,1,0,0,1,0,1,0,0,0,0,0,0
"82",2010,10,2010-10-20,"bc 1",30,2,1,1,1,1,0,0,1,0,1,0,0,0,0,0,0
"83",2010,10,2010-10-20,"bc 1",30,3,1,0,1,1,0,0,0,1,1,0,0,0,0,0,0
"84",2010,10,2010-10-20,"bc 1",30,4,1,0,1,0,0,0,1,0,1,0,1,0,0,0,0
"85",2010,10,2010-10-20,"bc 1",30,5,1,0,1,1,0,1,1,0,0,0,1,0,0,0,0
"86",2010,10,2010-10-20,"bc 1",30,6,1,0,0,1,0,0,1,0,1,0,0,0,0,0,0
"87",2010,10,2010-10-20,"bc 1",30,7,1,0,0,1,0,0,0,0,1,0,0,0,0,0,0
"88",2010,10,2010-10-20,"bc 1",30,8,1,0,1,1,0,0,1,0,0,0,0,0,0,0,0
"89",2010,10,2010-10-20,"bc 1",30,9,1,1,1,1,0,0,1,0,1,0,0,0,0,0,0
"90",2010,10,2010-10-20,"bc 1",30,10,1,1,1,0,0,0,1,0,0,0,0,0,0,0,0
"91",2010,11,2010-11-16,"twin west",10,1,1,0,1,0,0,0,1,1,1,0,0,0,0,0,0
"92",2010,11,2010-11-16,"twin west",10,2,1,1,1,1,0,0,1,1,0,0,0,0,0,0,0
"93",2010,11,2010-11-16,"twin west",10,3,1,0,1,0,0,0,1,1,0,0,0,0,0,0,0
"94",2010,11,2010-11-16,"twin west",10,4,1,0,1,0,0,0,1,0,0,0,0,0,0,0,0
"95",2010,11,2010-11-16,"twin west",10,5,1,1,1,1,0,0,1,0,0,0,0,0,0,0,0
"96",2010,11,2010-11-16,"twin west",10,6,1,0,0,1,0,0,1,0,1,0,1,0,0,0,0
"97",2010,11,2010-11-16,"twin west",10,7,1,0,1,1,0,0,1,0,1,0,0,0,0,0,0
"98",2010,11,2010-11-16,"twin west",10,8,1,1,0,0,0,0,1,0,1,0,0,0,0,0,0
"99",2010,11,2010-11-16,"twin west",10,9,1,0,1,1,0,0,1,1,0,0,0,0,0,0,0
"100",2010,11,2010-11-16,"twin west",10,10,1,0,0,1,0,0,1,0,1,0,0,0,0,0,0
"101",2010,11,2010-11-16,"twin west",20,1,1,1,1,1,0,0,1,0,1,0,0,0,0,0,0
"102",2010,11,2010-11-16,"twin west",20,2,1,1,0,0,1,0,1,0,0,0,0,0,0,0,0
"103",2010,11,2010-11-16,"twin west",20,3,1,0,0,0,0,0,1,0,0,0,0,0,0,0,0
"104",2010,11,2010-11-16,"twin west",20,4,1,1,0,0,0,0,1,0,0,0,0,0,0,0,0
"105",2010,11,2010-11-16,"twin west",20,5,1,0,1,0,0,0,1,0,0,0,1,0,0,0,0
"106",2010,11,2010-11-16,"twin west",20,6,1,1,1,1,0,0,1,0,1,0,0,0,0,0,0
"107",2010,11,2010-11-16,"twin west",20,7,1,0,0,1,0,0,0,0,1,0,0,0,0,0,0
"108",2010,11,2010-11-16,"twin west",20,8,1,1,0,0,0,0,1,1,0,0,0,0,0,0,0
"109",2010,11,2010-11-16,"twin west",20,9,1,0,1,0,0,0,1,0,1,0,0,0,0,0,0
"110",2010,11,2010-11-16,"twin west",20,10,1,1,0,1,0,0,1,0,0,0,0,0,0,0,0
"111",2010,11,2010-11-16,"twin west",30,1,1,0,1,1,0,0,1,0,1,0,1,0,0,0,0
"112",2010,11,2010-11-16,"twin west",30,2,1,0,0,1,0,0,1,0,0,0,0,0,0,0,0
"113",2010,11,2010-11-16,"twin west",30,3,1,0,1,0,0,0,1,0,0,0,1,0,0,0,0
"114",2010,11,2010-11-16,"twin west",30,4,1,0,1,1,0,0,1,0,0,0,0,0,0,0,0
"115",2010,11,2010-11-16,"twin west",30,5,1,1,1,1,0,0,1,0,1,0,0,0,0,0,0
"116",2010,11,2010-11-16,"twin west",30,6,1,1,1,1,0,0,1,0,1,0,0,0,0,0,0
"117",2010,11,2010-11-16,"twin west",30,7,1,1,0,1,0,0,1,0,0,0,0,0,0,0,0
"118",2010,11,2010-11-16,"twin west",30,8,1,1,0,0,0,0,1,0,1,0,0,0,0,0,0
"119",2010,11,2010-11-16,"twin west",30,9,1,0,1,1,0,0,1,0,0,0,0,0,0,0,0
"120",2010,11,2010-11-16,"twin west",30,10,1,0,1,1,0,0,1,0,1,0,0,0,0,0,0
"121",2011,10,2011-10-11,"diablo",10,2,1,0,0,1,0,0,1,0,1,0,0,0,0,0,0
"122",2011,10,2011-10-11,"diablo",10,3,1,1,1,1,0,0,1,0,0,1,1,0,0,0,0
"123",2011,10,2011-10-11,"diablo",10,4,1,1,1,0,0,0,1,0,1,0,0,0,0,0,0
"124",2011,10,2011-10-11,"diablo",10,5,1,0,0,0,0,0,1,0,0,0,0,0,0,0,0
"125",2011,10,2011-10-11,"diablo",10,6,1,1,1,1,1,0,1,1,1,0,0,0,0,0,0
"126",2011,10,2011-10-11,"diablo",10,7,1,0,1,1,0,0,1,0,1,0,1,0,0,0,0
"127",2011,10,2011-10-11,"diablo",10,8,1,0,0,1,0,0,1,0,1,0,0,0,0,0,0
"128",2011,10,2011-10-11,"diablo",10,9,1,0,0,0,0,0,1,1,1,0,0,0,0,0,0
"129",2011,10,2011-10-11,"diablo",20,1,1,1,1,1,0,0,1,0,1,0,0,0,0,0,0
"130",2011,10,2011-10-11,"diablo",20,3,1,0,1,1,0,1,1,1,1,2,1,0,0,0,0
"131",2011,10,2011-10-11,"diablo",20,4,1,1,1,0,0,0,1,0,1,0,0,0,0,0,0
"132",2011,10,2011-10-11,"diablo",20,6,1,1,1,1,0,1,1,0,1,1,0,0,0,0,0
"133",2011,10,2011-10-11,"diablo",20,8,1,0,1,1,0,0,1,1,1,1,0,0,0,0,0
"134",2011,10,2011-10-11,"diablo",20,10,1,0,1,1,0,0,1,1,1,0,0,0,0,0,0
"135",2011,10,2011-10-11,"diablo",30,1,1,0,0,1,0,0,1,0,0,0,0,0,0,0,0
"136",2011,10,2011-10-11,"diablo",30,2,1,0,0,1,0,0,1,0,1,0,0,0,0,0,0
"137",2011,10,2011-10-11,"diablo",30,4,1,0,1,1,0,0,1,1,1,0,0,0,0,0,0
"138",2011,10,2011-10-11,"diablo",30,5,1,0,1,1,0,0,1,0,0,0,0,0,0,0,0
"139",2011,10,2011-10-11,"diablo",30,6,1,1,0,1,0,1,1,0,1,0,0,0,0,0,0
"140",2011,10,2011-10-11,"diablo",30,7,1,0,1,1,0,0,1,0,1,0,0,0,0,0,0
"141",2011,10,2011-10-11,"diablo",30,8,1,0,0,1,0,0,1,1,2,1,1,0,0,0,0
"142",2011,10,2011-10-11,"diablo",30,9,1,1,1,1,0,0,1,1,1,0,0,0,0,0,0
"143",2011,10,2011-10-11,"diablo",30,10,1,0,1,1,0,0,1,0,0,0,0,0,0,0,0
"144",2012,10,2012-10-16,"bc 1",10,1,1,1,1,1,0,0,1,0,0,0,0,0,0,0,0
"145",2012,10,2012-10-16,"bc 1",10,4,1,0,1,0,0,0,1,1,1,1,1,0,0,0,0
"146",2012,10,2012-10-16,"bc 1",10,6,1,0,1,1,0,0,1,1,1,0,0,0,0,0,0
"147",2012,10,2012-10-16,"bc 1",10,9,1,1,1,1,0,0,0,1,1,0,0,0,0,0,0
"148",2012,10,2012-10-16,"bc 1",10,10,1,1,0,1,0,0,1,1,0,0,1,0,0,0,0
"149",2012,10,2012-10-16,"bc 1",20,2,1,0,1,1,0,0,1,1,0,0,0,0,0,0,0
"150",2012,10,2012-10-16,"bc 1",20,3,1,1,0,1,0,0,1,0,0,0,0,0,0,0,0
"151",2012,10,2012-10-16,"bc 1",20,4,1,0,0,0,0,0,1,1,1,1,0,0,0,0,0
"152",2012,10,2012-10-16,"bc 1",20,6,1,0,1,1,1,0,1,0,1,0,0,0,0,0,0
"153",2012,10,2012-10-16,"bc 1",20,8,1,1,1,1,0,0,1,0,1,0,0,0,0,0,0
"154",2012,10,2012-10-16,"bc 1",30,2,1,0,1,1,0,0,1,0,1,0,0,0,0,0,0
"155",2012,10,2012-10-16,"bc 1",30,3,1,1,1,1,0,0,1,0,0,0,0,0,0,0,0
"156",2012,10,2012-10-16,"bc 1",30,4,1,0,1,1,1,0,1,0,0,0,0,0,0,0,0
"157",2012,10,2012-10-16,"bc 1",30,8,1,1,0,1,0,0,1,0,0,0,0,0,0,0,0
"158",2012,10,2012-10-16,"bc 1",30,10,1,0,0,0,0,0,1,0,0,0,0,0,0,0,0
"159",2012,10,2012-10-19,"diablo",10,1,1,0,0,1,0,0,1,1,0,0,1,0,0,0,0
"160",2012,10,2012-10-19,"diablo",10,2,1,0,1,1,0,1,1,0,2,0,0,0,0,0,0
"161",2012,10,2012-10-19,"diablo",10,5,1,1,1,1,0,0,1,0,1,0,1,0,0,0,0
"162",2012,10,2012-10-19,"diablo",10,10,1,1,1,1,1,0,1,1,0,0,0,0,0,0,0
"163",2012,10,2012-10-19,"diablo",20,3,1,1,1,1,0,0,1,1,1,0,0,0,0,0,0
"164",2012,10,2012-10-19,"diablo",20,4,1,0,0,0,0,0,1,1,1,0,0,0,0,0,0
"165",2012,10,2012-10-19,"diablo",20,5,1,1,1,1,0,0,1,0,1,0,1,0,0,0,0
"166",2012,10,2012-10-19,"diablo",20,9,1,0,1,0,0,0,1,0,1,0,0,0,0,0,0
"167",2012,10,2012-10-19,"diablo",30,4,1,1,1,1,0,0,1,0,2,0,0,0,0,0,0
"168",2012,10,2012-10-19,"diablo",30,5,1,1,1,1,0,0,1,1,2,0,1,0,0,0,0
"169",2012,10,2012-10-19,"diablo",30,8,1,1,1,1,0,0,1,0,1,0,1,0,0,0,0
"170",2012,10,2012-10-19,"diablo",30,9,1,1,1,1,0,0,1,0,1,0,1,0,0,0,0
"171",2012,10,2012-10-31,"twin west",10,4,1,0,1,1,0,0,1,0,1,0,0,0,0,0,0
"172",2012,10,2012-10-31,"twin west",10,6,1,0,1,1,0,0,1,0,1,0,0,0,0,0,0
"173",2012,10,2012-10-31,"twin west",10,8,1,1,1,1,0,0,1,0,2,0,1,0,0,0,0
"174",2012,10,2012-10-31,"twin west",10,10,1,0,0,1,0,0,1,0,0,0,0,0,0,0,0
"175",2012,10,2012-10-31,"twin west",20,1,1,1,0,1,0,0,1,0,0,0,1,0,0,0,0
"176",2012,10,2012-10-31,"twin west",20,3,1,0,1,0,0,0,1,1,0,0,0,0,0,0,0
"177",2012,10,2012-10-31,"twin west",20,4,1,1,1,0,0,0,1,0,1,0,0,0,0,0,0
"178",2012,10,2012-10-31,"twin west",20,8,1,1,1,0,0,0,1,0,0,0,0,0,0,0,0
"179",2012,10,2012-10-31,"twin west",30,3,1,1,1,1,0,0,1,0,0,0,0,0,0,0,0
"180",2012,10,2012-10-31,"twin west",30,4,1,0,1,1,0,0,1,1,0,0,0,0,0,0,0
"181",2012,10,2012-10-31,"twin west",30,5,1,0,0,0,0,0,1,0,1,0,0,0,0,0,0
"182",2012,10,2012-10-31,"twin west",30,8,1,1,1,1,0,0,1,0,0,0,0,0,0,0,0
"183",2013,10,2013-10-21,"bc 1",10,5,1,1,1,1,0,0,1,1,1,0,0,0,0,0,0
"184",2013,10,2013-10-21,"bc 1",20,3,1,0,1,1,0,0,1,0,0,0,0,0,0,0,0
"185",2013,10,2013-10-21,"bc 1",20,9,1,0,1,1,0,0,0,0,0,0,0,0,0,0,0
"186",2013,10,2013-10-21,"bc 1",20,10,1,1,1,1,0,0,1,1,2,0,1,0,0,0,0
"187",2013,10,2013-10-21,"bc 1",30,8,1,0,0,1,0,0,0,0,0,0,1,0,0,0,0
"188",2013,10,2013-10-31,"diablo",10,1,1,1,1,1,0,0,1,0,1,0,0,0,0,0,0
"189",2013,10,2013-10-31,"diablo",20,8,1,1,0,1,0,0,1,0,1,0,0,0,0,0,0
"190",2013,10,2013-10-31,"diablo",20,9,1,1,1,1,1,0,1,0,0,0,0,0,0,0,0
"191",2013,10,2013-10-31,"diablo",30,2,1,0,1,1,0,0,1,0,1,0,0,0,0,0,0
"192",2013,10,2013-10-15,"twin west",10,5,1,0,1,1,0,0,1,0,0,0,1,0,0,0,0
"193",2013,10,2013-10-15,"twin west",10,10,1,0,1,1,0,0,1,0,1,0,1,0,0,0,0
"194",2013,10,2013-10-15,"twin west",20,6,1,1,1,1,1,0,1,0,0,0,0,0,0,0,0
"195",2013,10,2013-10-15,"twin west",20,8,1,1,1,1,0,0,1,0,1,0,0,0,0,0,0
"196",2013,10,2013-10-15,"twin west",30,7,1,0,1,1,1,0,1,0,1,0,0,0,0,0,0
"197",2013,10,2013-10-15,"twin west",30,10,1,1,1,0,0,0,1,0,1,0,1,0,0,0,0
"198",2013,10,2013-10-15,"twin west",30,6,1,1,1,1,0,0,0,0,0,0,0,0,0,0,0
"199",2013,10,2013-10-31,"diablo",20,5,1,0,0,1,0,0,0,1,0,0,0,0,0,0,0
"200",2013,10,2013-10-31,"diablo",20,1,1,1,1,0,0,0,1,0,0,0,0,0,0,0,0
"201",2013,10,2013-10-21,"bc 1",30,4,1,0,0,1,0,0,0,0,0,0,0,0,0,0,0
"202",2013,10,2013-10-31,"diablo",30,10,1,1,0,1,0,0,1,0,1,0,1,0,0,0,0
"203",2013,10,2013-10-31,"diablo",10,8,1,1,1,0,0,0,1,0,0,0,1,0,0,0,0
"204",2013,10,2013-10-21,"bc 1",10,4,1,1,1,1,0,0,1,0,1,0,1,0,0,0,0
"205",2013,10,2013-10-15,"twin west",10,1,1,1,1,1,0,0,1,0,1,0,0,0,0,0,0
"206",2013,10,2013-10-31,"diablo",30,3,1,1,1,1,0,0,1,0,1,0,0,0,0,0,0
"207",2013,10,2013-10-21,"bc 1",30,7,1,0,1,1,0,1,1,0,1,0,0,0,0,0,0
"208",2013,10,2013-10-31,"diablo",10,2,1,1,0,1,0,0,1,0,0,0,0,0,0,0,0
"209",2013,10,2013-10-15,"twin west",30,4,1,1,0,1,0,0,1,0,0,0,0,0,0,0,0
"210",2013,10,2013-10-31,"diablo",30,7,1,1,0,1,0,0,1,0,1,0,1,0,0,0,0
"211",2013,10,2013-10-21,"bc 1",10,10,1,1,1,1,0,0,1,0,0,0,0,0,0,0,0
"212",2014,10,2014-10-30,"bc 1",20,1,1,1,1,0,0,0,1,1,0,0,0,0,0,0,0
"213",2014,10,2014-10-29,"diablo",10,4,1,1,1,1,0,0,1,0,0,0,0,0,0,0,0
"214",2014,10,2014-10-30,"bc 1",20,7,1,0,0,0,0,0,1,0,0,0,0,0,0,0,0
"215",2014,10,2014-10-29,"diablo",30,5,1,0,0,0,0,0,1,0,1,0,0,0,0,0,0
"216",2014,10,2014-10-30,"bc 1",30,4,1,0,1,0,0,0,1,0,1,0,0,0,0,0,0
"217",2014,10,2014-10-30,"bc 1",30,6,1,0,0,0,0,0,0,0,1,0,0,0,0,0,0
"218",2014,10,2014-10-28,"twin west",20,6,1,1,1,1,0,0,1,0,1,0,0,0,0,0,0
"219",2014,10,2014-10-28,"twin west",20,8,1,1,1,1,0,0,1,0,0,0,0,0,0,0,0
"220",2014,10,2014-10-28,"twin west",30,2,1,0,1,1,0,0,1,0,1,0,0,0,0,0,0
"221",1995,11,1995-11-07,"bc 1",10,1,1,1,1,1,0,0,1,1,1,0,0,0,0,0,0
"222",1995,11,1995-11-07,"bc 1",10,2,1,1,0,1,0,0,1,0,0,0,0,0,0,0,0
"223",1995,11,1995-11-07,"bc 1",10,3,1,1,0,0,0,0,1,0,0,0,0,0,0,0,0
"224",1995,11,1995-11-07,"bc 1",10,4,1,1,1,1,0,0,1,0,0,0,0,0,0,0,0
"225",1995,11,1995-11-07,"bc 1",10,5,1,1,0,1,0,0,1,0,0,0,0,0,0,0,0
"226",1995,11,1995-11-07,"bc 1",10,6,1,1,0,1,0,0,1,0,0,0,0,0,0,0,0
"227",1995,11,1995-11-07,"bc 1",10,7,1,1,1,0,0,0,1,0,0,0,0,0,0,0,0
"228",1995,11,1995-11-07,"bc 1",10,8,1,0,0,0,0,0,0,0,0,0,0,0,0,0,0
"229",1995,11,1995-11-07,"bc 1",10,9,1,0,0,1,0,0,1,0,0,0,0,0,0,0,0
"230",1995,11,1995-11-07,"bc 1",10,10,1,0,0,0,0,0,0,0,0,0,0,0,0,0,0
"231",1995,11,1995-11-07,"bc 1",20,1,1,1,0,0,0,0,1,0,1,0,0,0,0,0,0
"232",1995,11,1995-11-07,"bc 1",20,2,1,1,0,1,0,0,1,0,1,0,0,0,0,0,0
"233",1995,11,1995-11-07,"bc 1",20,3,1,0,0,1,0,0,1,0,0,0,0,0,0,0,0
"234",1995,11,1995-11-07,"bc 1",20,4,1,1,1,1,0,0,1,0,1,0,0,0,0,0,0
"235",1995,11,1995-11-07,"bc 1",20,5,1,1,0,1,0,0,1,0,0,0,0,0,0,0,0
"236",1995,11,1995-11-07,"bc 1",20,6,1,0,0,1,0,0,1,0,0,0,0,0,0,0,0
"237",1995,11,1995-11-07,"bc 1",20,7,1,1,1,1,0,0,1,0,1,0,0,0,0,0,0
"238",1995,11,1995-11-07,"bc 1",20,8,1,1,0,0,0,0,1,0,0,0,0,0,0,0,0
"239",1995,11,1995-11-07,"bc 1",20,9,1,1,1,0,0,0,1,0,1,0,0,0,0,0,0
"240",1995,11,1995-11-07,"bc 1",20,10,1,0,0,0,0,0,1,0,0,0,0,0,0,0,0
"241",1995,11,1995-11-07,"bc 1",30,1,1,0,0,0,0,0,0,0,0,0,0,0,0,0,0
"242",1995,11,1995-11-07,"bc 1",30,2,1,1,1,0,0,0,1,0,0,0,0,0,0,0,0
"243",1995,11,1995-11-07,"bc 1",30,3,1,0,0,0,0,0,1,0,0,0,0,0,0,0,0
"244",1995,11,1995-11-07,"bc 1",30,4,1,1,1,0,0,0,1,0,0,0,0,0,0,0,0
"245",1995,11,1995-11-07,"bc 1",30,5,1,1,1,1,0,0,1,0,1,0,0,0,0,0,0
"246",1995,11,1995-11-07,"bc 1",30,6,1,0,0,1,0,0,1,0,0,0,0,0,0,0,0
"247",1995,11,1995-11-07,"bc 1",30,7,1,1,0,0,0,0,1,0,1,0,0,0,0,0,0
"248",1995,11,1995-11-07,"bc 1",30,8,1,0,0,0,0,0,0,0,0,0,0,0,0,0,0
"249",1995,11,1995-11-07,"bc 1",30,9,1,1,1,0,0,0,1,0,1,0,0,0,0,0,0
"250",1995,11,1995-11-07,"bc 1",30,10,1,1,0,1,0,0,1,0,0,0,0,0,0,0,0
"251",1996,11,1996-11-07,"bc 1",10,1,1,1,1,0,0,0,1,0,0,0,0,0,0,0,0
"252",1996,11,1996-11-07,"bc 1",10,2,1,0,0,0,0,0,1,0,0,0,0,0,0,0,0
"253",1996,11,1996-11-07,"bc 1",10,3,1,1,0,1,0,0,1,0,0,0,0,0,0,0,0
"254",1996,11,1996-11-07,"bc 1",10,4,1,1,0,0,0,0,1,0,0,0,0,0,0,0,0
"255",1996,11,1996-11-07,"bc 1",10,5,1,1,1,1,0,0,1,0,0,0,0,0,0,0,0
"256",1996,11,1996-11-07,"bc 1",10,6,1,0,1,0,0,0,1,0,0,0,0,0,0,0,0
"257",1996,11,1996-11-07,"bc 1",10,7,1,1,0,0,0,0,1,0,0,0,0,0,0,0,0
"258",1996,11,1996-11-07,"bc 1",10,8,1,1,0,1,0,0,1,0,0,0,0,0,0,0,0
"259",1996,11,1996-11-07,"bc 1",10,9,1,1,0,0,0,0,1,0,0,0,0,0,0,0,0
"260",1996,11,1996-11-07,"bc 1",10,10,1,1,1,1,0,0,1,0,0,0,0,0,0,0,0
"261",1996,11,1996-11-07,"bc 1",20,1,1,1,0,1,0,0,1,0,0,0,0,0,0,0,0
"262",1996,11,1996-11-07,"bc 1",20,2,1,1,0,1,0,0,0,0,0,0,0,0,0,0,0
"263",1996,11,1996-11-07,"bc 1",20,3,1,1,1,0,0,0,1,0,0,0,0,0,0,0,0
"264",1996,11,1996-11-07,"bc 1",20,4,1,1,0,0,0,0,0,0,1,0,0,0,0,0,0
"265",1996,11,1996-11-07,"bc 1",20,5,1,1,0,0,0,0,1,0,1,0,0,0,0,0,0
"266",1996,11,1996-11-07,"bc 1",20,6,1,1,1,1,0,0,1,0,1,0,0,0,0,0,0
"267",1996,11,1996-11-07,"bc 1",20,7,1,1,0,0,0,0,0,0,0,0,0,0,0,0,0
"268",1996,11,1996-11-07,"bc 1",20,8,1,1,0,1,0,0,1,0,0,0,0,0,0,0,0
"269",1996,11,1996-11-07,"bc 1",20,9,1,1,1,0,0,0,1,0,0,0,0,0,0,0,0
"270",1996,11,1996-11-07,"bc 1",20,10,1,1,0,0,0,0,1,0,0,0,0,0,0,0,0
"271",1996,11,1996-11-07,"bc 1",30,1,1,1,0,0,0,0,1,0,0,0,0,0,0,0,0
"272",1996,11,1996-11-07,"bc 1",30,2,1,1,0,0,0,0,1,0,0,0,0,0,0,0,0
"273",1996,11,1996-11-07,"bc 1",30,3,1,1,0,0,0,0,1,0,0,0,0,0,0,0,0
"274",1996,11,1996-11-07,"bc 1",30,4,1,1,1,0,1,0,1,0,0,0,0,0,0,0,0
"275",1996,11,1996-11-07,"bc 1",30,5,1,1,0,0,0,0,1,0,1,0,0,0,0,0,0
"276",1996,11,1996-11-07,"bc 1",30,6,1,1,0,0,0,0,1,0,1,0,0,0,0,0,0
"277",1996,11,1996-11-07,"bc 1",30,7,1,1,0,0,0,0,1,0,1,0,0,0,0,0,0
"278",1996,11,1996-11-07,"bc 1",30,8,1,1,0,0,0,0,1,0,0,0,0,0,0,0,0
"279",1996,11,1996-11-07,"bc 1",30,9,1,1,0,0,1,0,1,0,1,0,0,0,0,0,0
"280",1996,11,1996-11-07,"bc 1",30,10,1,1,1,0,0,0,1,0,1,0,0,0,0,0,0
"281",1996,11,1996-11-12,"twin west",10,1,1,1,0,1,1,0,1,0,0,0,0,0,0,0,0
"282",1996,11,1996-11-12,"twin west",10,2,1,0,0,1,0,0,1,0,0,0,0,0,0,0,0
"283",1996,11,1996-11-12,"twin west",10,3,1,1,0,1,0,0,1,0,0,0,0,0,0,0,0
"284",1996,11,1996-11-12,"twin west",10,4,1,1,0,1,1,0,1,0,1,0,0,0,0,0,0
"285",1996,11,1996-11-12,"twin west",10,5,1,1,0,1,0,0,1,0,0,0,0,0,0,0,0
"286",1996,11,1996-11-12,"twin west",10,6,1,1,0,1,0,0,1,0,0,0,0,0,0,0,0
"287",1996,11,1996-11-12,"twin west",10,7,1,0,0,0,0,0,1,0,0,0,0,0,0,0,0
"288",1996,11,1996-11-12,"twin west",10,8,1,1,0,1,0,0,1,0,0,0,0,0,0,0,0
"289",1996,11,1996-11-12,"twin west",10,9,1,1,0,1,0,0,1,0,0,0,0,0,0,0,0
"290",1996,11,1996-11-12,"twin west",10,10,1,1,0,0,0,0,1,0,0,0,0,0,0,0,0
"291",1996,11,1996-11-12,"twin west",20,1,1,1,0,0,1,0,1,0,0,0,0,0,0,0,0
"292",1996,11,1996-11-12,"twin west",20,2,1,1,1,1,0,0,1,0,0,0,0,0,0,0,0
"293",1996,11,1996-11-12,"twin west",20,3,1,1,1,1,0,0,1,0,0,0,0,0,0,0,0
"294",1996,11,1996-11-12,"twin west",20,4,1,1,1,0,0,0,1,0,0,0,0,0,0,0,0
"295",1996,11,1996-11-12,"twin west",20,5,1,1,0,0,0,0,1,0,0,0,0,0,0,0,0
"296",1996,11,1996-11-12,"twin west",20,6,1,1,1,1,0,0,1,0,0,0,0,0,0,0,0
"297",1996,11,1996-11-12,"twin west",20,7,1,1,0,1,1,0,1,0,0,0,0,0,0,0,0
"298",1996,11,1996-11-12,"twin west",20,8,1,0,0,0,0,0,1,0,0,0,0,0,0,0,0
"299",1996,11,1996-11-12,"twin west",20,9,1,1,0,1,0,0,1,0,0,0,0,0,0,0,0
"300",1996,11,1996-11-12,"twin west",20,10,1,1,1,1,0,0,1,0,0,0,0,0,0,0,0
"301",1996,11,1996-11-12,"twin west",30,1,1,1,0,0,0,0,1,0,0,0,0,0,0,0,0
"302",1996,11,1996-11-12,"twin west",30,2,1,1,0,0,0,0,1,0,0,0,0,0,0,0,0
"303",1996,11,1996-11-12,"twin west",30,3,1,1,0,1,0,0,1,0,0,0,0,0,0,0,0
"304",1996,11,1996-11-12,"twin west",30,4,1,0,0,0,1,0,0,0,0,0,0,0,0,0,0
"305",1996,11,1996-11-12,"twin west",30,5,1,1,0,1,0,0,1,0,0,1,0,0,0,0,0
"306",1996,11,1996-11-12,"twin west",30,6,1,1,0,0,0,0,1,0,0,0,0,0,0,0,0
"307",1996,11,1996-11-12,"twin west",30,7,1,1,0,0,0,0,1,0,0,0,0,0,0,0,0
"308",1996,11,1996-11-12,"twin west",30,8,0,0,0,0,0,0,0,0,0,0,0,0,0,0,0
"309",1996,11,1996-11-12,"twin west",30,9,1,1,0,1,0,0,1,0,0,0,0,0,0,0,0
"310",1996,11,1996-11-12,"twin west",30,10,1,1,0,0,0,0,1,0,0,0,0,0,0,0,0
"311",1996,11,1996-11-13,"diablo",10,1,1,0,1,0,0,0,1,0,0,0,0,0,0,0,0
"312",1996,11,1996-11-13,"diablo",10,2,1,1,0,1,0,0,1,0,0,0,0,0,0,0,0
"313",1996,11,1996-11-13,"diablo",10,3,1,1,1,0,0,0,1,0,0,0,0,0,0,0,0
"314",1996,11,1996-11-13,"diablo",10,4,1,1,1,0,0,0,1,0,0,0,0,0,0,0,0
"315",1996,11,1996-11-13,"diablo",10,5,1,1,0,0,0,0,1,0,0,0,0,0,0,0,0
"316",1996,11,1996-11-13,"diablo",10,6,1,1,0,1,0,0,1,0,0,0,0,0,0,0,0
"317",1996,11,1996-11-13,"diablo",10,7,1,0,1,0,0,0,1,0,0,0,0,0,0,0,0
"318",1996,11,1996-11-13,"diablo",10,8,1,1,1,0,0,0,1,0,0,0,0,0,0,0,0
"319",1996,11,1996-11-13,"diablo",10,9,1,1,0,0,0,0,1,0,1,0,0,0,0,0,0
"320",1996,11,1996-11-13,"diablo",10,10,1,1,0,1,0,0,1,0,0,0,0,0,0,0,0
"321",1996,11,1996-11-13,"diablo",20,1,1,1,1,0,1,0,1,0,0,0,0,0,0,0,0
"322",1996,11,1996-11-13,"diablo",20,2,1,1,0,0,0,0,1,0,0,0,0,0,0,0,0
"323",1996,11,1996-11-13,"diablo",20,3,1,1,1,0,0,0,1,0,0,0,0,0,0,0,0
"324",1996,11,1996-11-13,"diablo",20,4,1,0,1,0,0,0,1,0,1,0,0,0,0,0,0
"325",1996,11,1996-11-13,"diablo",20,5,1,0,0,1,0,0,1,0,1,0,0,0,0,0,0
"326",1996,11,1996-11-13,"diablo",20,6,1,0,1,0,1,0,1,0,0,0,0,0,0,0,0
"327",1996,11,1996-11-13,"diablo",20,7,1,1,1,0,0,0,1,0,0,0,0,0,0,0,0
"328",1996,11,1996-11-13,"diablo",20,8,1,0,0,0,0,0,1,0,0,0,0,0,0,0,0
"329",1996,11,1996-11-13,"diablo",20,9,1,0,1,0,0,0,1,0,0,0,0,0,0,0,0
"330",1996,11,1996-11-13,"diablo",20,10,1,1,0,0,0,0,1,0,0,0,0,0,0,0,0
"331",1996,11,1996-11-13,"diablo",30,1,1,1,0,0,1,0,1,0,0,0,0,0,0,0,0
"332",1996,11,1996-11-13,"diablo",30,2,1,1,0,0,0,0,1,0,0,0,0,0,0,0,0
"333",1996,11,1996-11-13,"diablo",30,3,1,1,0,0,0,0,0,0,0,0,0,0,0,0,0
"334",1996,11,1996-11-13,"diablo",30,4,1,1,0,0,0,0,1,0,0,0,0,0,0,0,0
"335",1996,11,1996-11-13,"diablo",30,5,1,1,0,0,1,0,1,0,0,0,0,0,0,0,0
"336",1996,11,1996-11-13,"diablo",30,6,1,0,1,0,0,0,1,0,0,0,0,0,0,0,0
"337",1996,11,1996-11-13,"diablo",30,7,1,1,0,0,0,0,1,0,0,0,0,0,0,0,0
"338",1996,11,1996-11-13,"diablo",30,8,1,1,1,0,0,0,1,0,0,0,0,0,0,0,0
"339",1996,11,1996-11-13,"diablo",30,9,1,0,0,0,0,0,1,0,0,0,0,0,0,0,0
"340",1996,11,1996-11-13,"diablo",30,10,1,1,0,0,0,0,1,0,0,0,0,0,0,0,0
"341",1997,10,1997-10-29,"bc 1",10,1,1,1,0,1,0,0,1,0,0,0,0,0,0,0,0
"342",1997,10,1997-10-29,"bc 1",10,2,1,1,0,1,0,0,1,0,0,0,0,0,0,0,0
"343",1997,10,1997-10-29,"bc 1",10,3,1,1,0,1,0,0,1,0,0,0,0,0,0,0,0
"344",1997,10,1997-10-29,"bc 1",10,4,1,1,0,1,0,0,1,0,0,0,0,0,0,0,0
"345",1997,10,1997-10-29,"bc 1",10,5,1,1,0,0,0,0,1,0,0,0,0,0,0,0,0
"346",1997,10,1997-10-29,"bc 1",10,6,1,0,0,1,0,0,1,0,0,0,0,0,0,0,0
"347",1997,10,1997-10-29,"bc 1",10,7,1,1,0,0,0,0,1,0,0,0,0,0,0,0,0
"348",1997,10,1997-10-29,"bc 1",10,8,1,1,0,1,0,0,1,0,0,0,0,0,0,0,0
"349",1997,10,1997-10-29,"bc 1",10,9,1,1,0,1,0,0,1,0,0,0,0,0,0,0,0
"350",1997,10,1997-10-29,"bc 1",10,10,1,1,0,0,0,0,1,0,0,0,0,0,0,0,0
"351",1997,10,1997-10-29,"bc 1",20,1,1,1,0,1,0,0,1,0,0,0,0,0,0,0,0
"352",1997,10,1997-10-29,"bc 1",20,2,1,1,0,0,0,0,0,0,1,0,0,0,0,0,0
"353",1997,10,1997-10-29,"bc 1",20,3,1,0,0,0,0,0,1,0,0,0,0,0,0,0,0
"354",1997,10,1997-10-29,"bc 1",20,4,1,0,0,1,0,0,1,0,0,0,0,0,0,0,0
"355",1997,10,1997-10-29,"bc 1",20,5,1,1,0,0,0,0,1,0,0,0,0,0,0,0,0
"356",1997,10,1997-10-29,"bc 1",20,6,1,0,0,0,0,0,1,0,0,0,0,0,0,0,0
"357",1997,10,1997-10-29,"bc 1",20,7,1,1,0,0,0,0,1,0,0,0,0,0,0,0,0
"358",1997,10,1997-10-29,"bc 1",20,8,1,1,0,0,0,0,1,0,0,0,0,0,0,0,0
"359",1997,10,1997-10-29,"bc 1",20,9,1,1,0,1,0,0,1,0,0,0,0,0,0,0,0
"360",1997,10,1997-10-29,"bc 1",20,10,1,1,0,0,0,0,1,0,0,0,0,0,0,0,0
"361",1997,10,1997-10-29,"bc 1",30,1,1,0,0,0,0,0,0,0,0,0,0,0,0,0,0
"362",1997,10,1997-10-29,"bc 1",30,2,1,0,0,0,0,0,0,0,0,0,0,0,0,0,0
"363",1997,10,1997-10-29,"bc 1",30,3,1,0,0,0,0,0,0,0,0,0,0,0,0,0,0
"364",1997,10,1997-10-29,"bc 1",30,4,1,1,0,0,0,0,0,0,0,0,0,0,0,0,0
"365",1997,10,1997-10-29,"bc 1",30,5,1,0,0,0,0,0,0,0,0,0,0,0,0,0,0
"366",1997,10,1997-10-29,"bc 1",30,6,1,0,0,1,0,0,0,0,0,0,0,0,0,0,0
"367",1997,10,1997-10-29,"bc 1",30,7,1,0,0,0,0,0,0,0,0,0,0,0,0,0,0
"368",1997,10,1997-10-29,"bc 1",30,8,1,0,0,0,0,0,0,0,0,0,0,0,0,0,0
"369",1997,10,1997-10-29,"bc 1",30,9,1,0,0,0,0,0,1,0,0,0,0,0,0,0,0
"370",1997,10,1997-10-29,"bc 1",30,10,1,0,0,0,0,0,0,0,0,0,0,0,0,0,0
"371",1997,11,1997-11-05,"twin west",10,1,1,1,0,1,0,0,1,0,0,0,0,0,0,0,0
"372",1997,11,1997-11-05,"twin west",10,2,2,2,1,0,0,0,2,0,0,0,0,0,0,0,0
"373",1997,11,1997-11-05,"twin west",10,3,1,1,0,1,0,0,1,0,0,0,0,0,0,0,0
"374",1997,11,1997-11-05,"twin west",10,4,1,1,0,1,0,0,1,0,0,0,0,0,0,0,0
"375",1997,11,1997-11-05,"twin west",10,5,1,1,0,1,0,0,1,0,0,0,0,0,0,0,0
"376",1997,11,1997-11-05,"twin west",10,6,1,1,0,1,0,0,1,0,0,0,0,0,0,0,0
"377",1997,11,1997-11-05,"twin west",10,7,1,1,0,1,0,0,1,0,0,0,0,0,0,0,0
"378",1997,11,1997-11-05,"twin west",10,8,1,1,0,1,0,0,1,0,0,0,0,0,0,0,0
"379",1997,11,1997-11-05,"twin west",10,9,1,1,0,1,0,0,1,0,0,0,0,0,0,0,0
"380",1997,11,1997-11-05,"twin west",10,10,1,1,0,1,0,0,1,0,0,0,0,0,0,0,0
"381",1997,11,1997-11-05,"twin west",20,1,1,1,0,1,0,0,1,0,0,0,0,0,0,0,0
"382",1997,11,1997-11-05,"twin west",20,2,1,1,0,1,0,0,0,0,0,0,0,0,0,0,0
"383",1997,11,1997-11-05,"twin west",20,3,1,1,0,0,0,0,1,0,0,0,0,0,0,0,0
"384",1997,11,1997-11-05,"twin west",20,4,1,0,0,0,1,0,1,0,0,0,0,0,0,0,0
"385",1997,11,1997-11-05,"twin west",20,5,1,1,0,1,0,0,1,0,0,0,0,0,0,0,0
"386",1997,11,1997-11-05,"twin west",20,6,1,1,0,1,0,0,1,0,0,0,0,0,0,0,0
"387",1997,11,1997-11-05,"twin west",20,7,1,1,0,0,0,0,0,0,1,0,0,0,0,0,0
"388",1997,11,1997-11-05,"twin west",20,8,1,1,0,1,0,0,1,0,0,0,0,0,0,0,0
"389",1997,11,1997-11-05,"twin west",20,9,1,1,0,1,0,0,0,0,0,0,0,0,0,0,0
"390",1997,11,1997-11-05,"twin west",20,10,1,1,0,1,0,0,1,0,0,0,0,0,0,0,0
"391",1997,11,1997-11-05,"twin west",30,1,1,1,0,0,0,0,1,0,0,0,0,0,0,0,0
"392",1997,11,1997-11-05,"twin west",30,2,1,1,0,0,0,0,0,0,0,0,0,0,0,0,0
"393",1997,11,1997-11-05,"twin west",30,3,1,1,0,1,0,0,1,0,0,0,0,0,0,0,0
"394",1997,11,1997-11-05,"twin west",30,4,1,0,0,1,1,0,0,0,0,0,0,0,0,0,0
"395",1997,11,1997-11-05,"twin west",30,5,1,0,0,0,0,0,0,0,0,0,0,0,0,0,0
"396",1997,11,1997-11-05,"twin west",30,6,1,0,0,0,0,0,0,0,0,0,0,0,0,0,0
"397",1997,11,1997-11-05,"twin west",30,7,1,0,0,0,0,0,0,0,0,0,0,0,0,0,0
"398",1997,11,1997-11-05,"twin west",30,8,1,1,0,0,1,0,0,0,0,0,0,0,0,0,0
"399",1997,11,1997-11-05,"twin west",30,9,1,1,0,0,0,0,0,0,0,0,0,0,0,0,0
"400",1997,11,1997-11-05,"twin west",30,10,1,0,0,0,0,0,1,0,0,0,0,0,0,0,0
"401",1998,10,1998-10-13,"twin west",10,1,1,0,1,1,0,0,1,0,0,0,0,0,0,0,0
"402",1998,10,1998-10-13,"twin west",10,2,1,0,0,1,0,0,1,0,0,0,0,0,0,0,0
"403",1998,10,1998-10-13,"twin west",10,3,1,1,0,1,0,0,1,0,0,0,0,0,0,0,0
"404",1998,10,1998-10-13,"twin west",10,4,1,0,0,1,0,0,0,0,0,0,0,0,0,0,0
"405",1998,10,1998-10-13,"twin west",10,5,1,1,0,1,0,0,1,0,0,0,0,0,0,0,0
"406",1998,10,1998-10-13,"twin west",10,6,1,0,0,0,0,0,0,0,0,0,0,0,0,0,0
"407",1998,10,1998-10-13,"twin west",10,7,1,1,0,1,0,0,1,0,0,0,0,0,0,0,0
"408",1998,10,1998-10-13,"twin west",10,8,1,1,0,1,0,0,1,0,0,0,0,0,0,0,0
"409",1998,10,1998-10-13,"twin west",10,9,1,1,0,1,0,0,1,0,0,0,0,0,0,0,0
"410",1998,10,1998-10-13,"twin west",10,10,1,0,1,1,0,0,1,0,0,0,0,0,0,0,0
"411",1998,10,1998-10-13,"twin west",20,1,1,1,0,0,0,0,0,0,0,0,0,0,0,0,0
"412",1998,10,1998-10-13,"twin west",20,2,1,0,0,0,0,0,0,0,0,0,0,0,0,0,0
"413",1998,10,1998-10-13,"twin west",20,3,1,0,1,1,0,0,1,0,0,0,0,0,0,0,0
"414",1998,10,1998-10-13,"twin west",20,4,1,0,1,0,0,0,1,0,0,0,0,0,0,0,0
"415",1998,10,1998-10-13,"twin west",20,5,1,0,0,0,0,0,0,0,0,0,0,0,0,0,0
"416",1998,10,1998-10-13,"twin west",20,6,1,0,1,0,0,0,0,0,0,0,0,0,0,0,0
"417",1998,10,1998-10-13,"twin west",20,7,1,0,0,0,0,0,0,0,0,0,0,0,0,0,0
"418",1998,10,1998-10-13,"twin west",20,8,1,0,1,1,0,0,1,0,1,0,0,0,0,0,0
"419",1998,10,1998-10-13,"twin west",20,9,1,0,1,1,0,0,0,0,1,0,0,0,0,0,0
"420",1998,10,1998-10-13,"twin west",20,10,1,0,0,0,1,0,0,0,0,0,0,0,0,0,0
"421",1998,10,1998-10-13,"twin west",30,1,1,1,0,0,0,0,0,0,0,0,0,0,0,0,0
"422",1998,10,1998-10-13,"twin west",30,2,1,0,0,0,0,0,0,0,0,0,0,0,0,0,0
"423",1998,10,1998-10-13,"twin west",30,3,1,1,0,1,0,0,0,0,0,0,0,0,0,0,0
"424",1998,10,1998-10-13,"twin west",30,4,1,1,0,0,0,0,0,0,0,0,0,0,0,0,0
"425",1998,10,1998-10-13,"twin west",30,5,1,0,0,0,0,0,0,0,0,0,0,0,0,0,0
"426",1998,10,1998-10-13,"twin west",30,6,1,0,1,0,0,0,1,0,1,0,0,0,0,0,0
"427",1998,10,1998-10-13,"twin west",30,7,1,0,0,0,0,0,1,0,0,0,0,0,0,0,0
"428",1998,10,1998-10-13,"twin west",30,8,1,1,0,0,0,0,0,0,0,0,0,0,0,0,0
"429",1998,10,1998-10-13,"twin west",30,9,1,0,1,0,0,0,0,0,0,0,0,0,0,0,0
"430",1998,10,1998-10-13,"twin west",30,10,1,1,0,0,0,0,0,0,0,0,0,0,0,0,0
"431",1998,10,1998-10-20,"diablo",10,1,1,0,1,1,0,0,1,0,0,0,0,0,0,0,0
"432",1998,10,1998-10-20,"diablo",10,2,1,0,1,1,0,0,1,0,0,0,0,0,0,0,0
"433",1998,10,1998-10-20,"diablo",10,3,1,0,0,0,0,0,1,0,0,0,0,0,0,0,0
"434",1998,10,1998-10-20,"diablo",10,4,1,0,0,0,0,0,1,0,0,0,0,0,0,0,0
"435",1998,10,1998-10-20,"diablo",10,5,1,1,0,0,0,0,1,0,0,0,0,0,0,0,0
"436",1998,10,1998-10-20,"diablo",10,6,1,0,1,0,0,0,1,0,0,0,0,0,0,0,0
"437",1998,10,1998-10-20,"diablo",10,7,1,0,1,1,0,0,1,0,0,0,0,0,0,0,0
"438",1998,10,1998-10-20,"diablo",10,8,1,0,0,0,0,0,1,0,0,0,0,0,0,0,0
"439",1998,10,1998-10-20,"diablo",10,9,1,0,1,1,0,0,1,0,0,0,0,0,0,0,0
"440",1998,10,1998-10-20,"diablo",10,10,1,0,1,1,0,0,1,0,0,0,0,0,0,0,0
"441",1998,10,1998-10-20,"diablo",20,1,1,0,1,1,0,0,0,0,0,0,0,0,0,0,0
"442",1998,10,1998-10-20,"diablo",20,2,1,0,1,0,1,0,0,0,0,0,0,0,0,0,0
"443",1998,10,1998-10-20,"diablo",20,3,1,0,1,1,0,0,0,0,0,0,0,0,0,0,0
"444",1998,10,1998-10-20,"diablo",20,4,1,0,1,0,0,0,0,0,0,0,0,0,0,0,0
"445",1998,10,1998-10-20,"diablo",20,5,1,1,0,0,0,0,1,0,0,0,0,0,0,0,0
"446",1998,10,1998-10-20,"diablo",20,6,1,1,1,0,0,0,1,0,0,0,0,0,0,0,0
"447",1998,10,1998-10-20,"diablo",20,7,1,0,1,0,0,0,1,0,0,0,0,0,0,0,0
"448",1998,10,1998-10-20,"diablo",20,8,1,0,1,1,0,0,0,0,0,0,0,0,0,0,0
"449",1998,10,1998-10-20,"diablo",20,9,1,0,1,0,0,0,0,0,0,0,0,0,0,0,0
"450",1998,10,1998-10-20,"diablo",20,10,1,0,0,0,0,0,0,0,0,0,0,0,0,0,0
"451",1998,10,1998-10-20,"diablo",30,1,2,1,2,0,1,0,2,0,0,0,0,0,0,0,0
"452",1998,10,1998-10-20,"diablo",30,2,1,0,1,0,0,0,1,0,0,0,0,0,0,0,0
"453",1998,10,1998-10-20,"diablo",30,3,1,1,0,0,0,0,1,0,0,0,0,0,0,0,0
"454",1998,10,1998-10-20,"diablo",30,4,1,0,1,0,0,0,0,0,0,0,0,0,0,0,0
"455",1998,10,1998-10-20,"diablo",30,5,1,1,0,0,0,0,0,0,0,0,0,0,0,0,0
"456",1998,10,1998-10-20,"diablo",30,6,1,0,1,0,0,0,1,0,0,0,0,0,0,0,0
"457",1998,10,1998-10-20,"diablo",30,7,1,1,0,0,0,0,1,0,0,0,0,0,0,0,0
"458",1998,10,1998-10-20,"diablo",30,8,1,0,1,0,0,0,0,0,0,0,0,0,0,0,0
"459",1998,10,1998-10-20,"diablo",30,9,1,0,0,0,0,0,1,0,0,0,0,0,0,0,0
"460",1998,10,1998-10-20,"diablo",30,10,1,0,0,0,0,0,0,0,0,0,0,0,0,0,0
"461",1998,10,1998-10-21,"bc 1",10,1,1,0,1,1,0,0,1,0,0,0,0,0,0,0,0
"462",1998,10,1998-10-21,"bc 1",10,2,1,0,1,1,0,0,1,0,0,0,0,0,0,0,0
"463",1998,10,1998-10-21,"bc 1",10,3,1,0,1,0,0,0,1,0,0,0,0,0,0,0,0
"464",1998,10,1998-10-21,"bc 1",10,4,1,1,0,1,0,0,1,0,0,0,0,0,0,0,0
"465",1998,10,1998-10-21,"bc 1",10,5,1,1,0,1,0,0,1,0,0,0,0,0,0,0,0
"466",1998,10,1998-10-21,"bc 1",10,6,1,1,0,1,0,0,1,0,0,0,0,0,0,0,0
"467",1998,10,1998-10-21,"bc 1",10,7,1,1,0,1,0,0,1,0,0,0,0,0,0,0,0
"468",1998,10,1998-10-21,"bc 1",10,8,1,1,0,1,0,0,1,0,0,0,0,0,0,0,0
"469",1998,10,1998-10-21,"bc 1",10,9,1,1,0,0,0,0,1,0,0,0,0,0,0,0,0
"470",1998,10,1998-10-21,"bc 1",10,10,1,1,0,1,0,0,1,0,0,0,0,0,0,0,0
"471",1998,10,1998-10-21,"bc 1",20,1,1,1,0,1,0,0,1,0,0,0,0,0,0,0,0
"472",1998,10,1998-10-21,"bc 1",20,2,1,1,0,1,0,0,0,0,0,0,0,0,0,0,0
"473",1998,10,1998-10-21,"bc 1",20,3,1,0,0,1,0,0,0,0,0,0,0,0,0,0,0
"474",1998,10,1998-10-21,"bc 1",20,4,1,0,1,0,0,0,0,0,1,0,0,0,0,0,0
"475",1998,10,1998-10-21,"bc 1",20,5,1,0,0,1,0,0,0,0,0,0,0,0,0,0,0
"476",1998,10,1998-10-21,"bc 1",20,6,1,0,1,1,1,0,0,0,0,0,0,0,0,0,0
"477",1998,10,1998-10-21,"bc 1",20,7,1,0,1,1,0,0,0,0,0,0,0,0,0,0,0
"478",1998,10,1998-10-21,"bc 1",20,8,1,0,0,1,0,0,0,0,0,0,0,0,0,0,0
"479",1998,10,1998-10-21,"bc 1",20,9,1,1,0,0,0,0,0,0,0,0,0,0,0,0,0
"480",1998,10,1998-10-21,"bc 1",20,10,1,0,1,1,0,0,1,0,0,0,0,0,0,0,0
"481",1998,10,1998-10-21,"bc 1",30,1,1,0,0,0,0,0,0,0,0,0,0,0,0,0,0
"482",1998,10,1998-10-21,"bc 1",30,2,1,0,0,0,0,0,0,0,0,0,0,0,0,0,0
"483",1998,10,1998-10-21,"bc 1",30,3,1,0,0,0,0,0,0,0,0,0,0,0,0,0,0
"484",1998,10,1998-10-21,"bc 1",30,4,1,0,0,0,0,0,0,0,0,0,0,0,0,0,0
"485",1998,10,1998-10-21,"bc 1",30,5,1,1,0,0,0,0,0,0,0,0,0,0,0,0,0
"486",1998,10,1998-10-21,"bc 1",30,6,1,0,0,0,0,0,0,0,0,0,0,0,0,0,0
"487",1998,10,1998-10-21,"bc 1",30,7,1,0,0,0,0,0,0,0,0,0,0,0,0,0,0
"488",1998,10,1998-10-21,"bc 1",30,8,1,1,0,0,0,0,0,0,0,0,0,0,0,0,0
"489",1998,10,1998-10-21,"bc 1",30,9,1,1,0,1,0,0,1,0,0,0,0,0,0,0,0
"490",1998,10,1998-10-21,"bc 1",30,10,1,0,0,0,0,0,0,0,0,0,0,0,0,0,0
"491",1999,11,1999-11-09,"twin west",10,1,1,1,0,1,0,0,1,0,0,0,0,0,0,0,0
"492",1999,11,1999-11-09,"twin west",10,2,1,0,0,1,0,0,1,0,0,0,0,0,0,0,0
"493",1999,11,1999-11-09,"twin west",10,3,1,0,1,1,0,0,1,0,0,0,0,0,0,0,0
"494",1999,11,1999-11-09,"twin west",10,4,1,1,0,1,0,0,1,0,0,0,0,0,0,0,0
"495",1999,11,1999-11-09,"twin west",10,5,1,0,1,1,0,0,1,0,0,0,0,0,0,0,0
"496",1999,11,1999-11-09,"twin west",10,6,1,0,1,1,0,0,1,0,0,0,0,0,0,0,0
"497",1999,11,1999-11-09,"twin west",10,7,1,1,0,1,0,0,1,0,0,0,0,0,0,0,0
"498",1999,11,1999-11-09,"twin west",10,8,1,0,0,0,0,0,1,0,0,0,0,0,0,0,0
"499",1999,11,1999-11-09,"twin west",10,9,1,0,1,1,0,0,1,0,0,0,0,0,0,0,0
"500",1999,11,1999-11-09,"twin west",10,10,1,0,0,0,0,0,1,0,0,0,0,0,0,0,0
"501",1999,11,1999-11-09,"twin west",20,1,1,1,0,1,0,0,1,0,0,0,0,0,0,0,0
"502",1999,11,1999-11-09,"twin west",20,2,1,1,0,1,0,0,1,0,0,0,0,0,0,0,0
"503",1999,11,1999-11-09,"twin west",20,3,1,1,0,1,0,0,1,0,0,0,0,0,0,0,0
"504",1999,11,1999-11-09,"twin west",20,4,1,0,0,1,0,0,1,0,1,0,0,0,0,0,0
"505",1999,11,1999-11-09,"twin west",20,5,1,0,1,1,0,0,1,0,0,0,0,0,0,0,0
"506",1999,11,1999-11-09,"twin west",20,6,1,1,0,1,0,0,1,0,0,0,0,0,0,0,0
"507",1999,11,1999-11-09,"twin west",20,7,1,0,0,0,0,0,0,0,0,0,0,0,0,0,0
"508",1999,11,1999-11-09,"twin west",20,8,1,1,0,1,0,0,1,0,0,0,0,0,0,0,0
"509",1999,11,1999-11-09,"twin west",20,9,1,1,0,1,0,0,1,0,0,0,0,0,0,0,0
"510",1999,11,1999-11-09,"twin west",20,10,1,1,0,1,0,0,1,0,0,0,0,0,0,0,0
"511",1999,11,1999-11-09,"twin west",30,1,1,0,0,0,0,0,0,0,0,0,0,0,0,0,0
"512",1999,11,1999-11-09,"twin west",30,2,1,1,0,0,0,0,1,0,0,0,0,0,0,0,0
"513",1999,11,1999-11-09,"twin west",30,3,1,0,0,0,0,0,1,0,0,0,0,0,0,0,0
"514",1999,11,1999-11-09,"twin west",30,4,1,1,0,1,0,0,1,0,0,0,0,0,0,0,0
"515",1999,11,1999-11-09,"twin west",30,5,1,1,1,1,0,0,1,0,0,0,0,0,0,0,0
"516",1999,11,1999-11-09,"twin west",30,6,1,0,0,1,0,0,1,0,0,0,0,0,0,0,0
"517",1999,11,1999-11-09,"twin west",30,7,1,1,0,0,0,0,1,0,0,0,0,0,0,0,0
"518",1999,11,1999-11-09,"twin west",30,8,1,0,0,0,0,0,0,0,0,0,0,0,0,0,0
"519",1999,11,1999-11-09,"twin west",30,9,0,0,1,0,0,0,0,0,0,0,0,0,0,0,0
"520",1999,11,1999-11-09,"twin west",30,10,1,1,0,0,0,0,1,0,0,0,0,0,0,0,0
"521",1999,11,1999-11-15,"bc 1",10,1,1,1,0,1,0,0,1,0,0,0,0,0,0,0,0
"522",1999,11,1999-11-15,"bc 1",10,2,1,1,1,0,0,0,1,0,0,0,0,0,0,0,0
"523",1999,11,1999-11-15,"bc 1",10,3,1,1,1,0,0,0,1,0,0,0,0,0,0,0,0
"524",1999,11,1999-11-15,"bc 1",10,4,1,1,1,1,0,0,1,0,0,0,0,0,0,0,0
"525",1999,11,1999-11-15,"bc 1",10,5,1,0,1,1,0,0,1,0,0,0,0,0,0,0,0
"526",1999,11,1999-11-15,"bc 1",10,6,1,1,0,0,0,0,1,0,0,0,0,0,0,0,0
"527",1999,11,1999-11-15,"bc 1",10,7,1,0,0,1,0,0,1,0,0,0,0,0,0,0,0
"528",1999,11,1999-11-15,"bc 1",10,8,1,1,1,1,0,0,1,0,0,0,0,0,0,0,0
"529",1999,11,1999-11-15,"bc 1",10,9,1,1,0,1,0,0,1,0,0,0,0,0,0,0,0
"530",1999,11,1999-11-15,"bc 1",10,10,1,0,1,0,0,0,1,0,0,0,0,0,0,0,0
"531",1999,11,1999-11-15,"bc 1",20,1,1,1,1,1,0,0,1,0,0,0,0,0,0,0,0
"532",1999,11,1999-11-15,"bc 1",20,2,1,0,1,0,0,0,1,0,0,0,0,0,0,0,0
"533",1999,11,1999-11-15,"bc 1",20,3,1,0,0,1,0,0,0,0,0,0,0,0,0,0,0
"534",1999,11,1999-11-15,"bc 1",20,4,1,1,1,0,0,0,0,0,0,0,0,0,0,0,0
"535",1999,11,1999-11-15,"bc 1",20,5,1,1,0,1,0,0,1,0,0,0,0,0,0,0,0
"536",1999,11,1999-11-15,"bc 1",20,6,1,1,0,1,0,0,1,0,0,0,0,0,0,0,0
"537",1999,11,1999-11-15,"bc 1",20,7,1,1,0,1,0,0,1,0,0,0,0,0,0,0,0
"538",1999,11,1999-11-15,"bc 1",20,8,1,1,1,0,0,0,1,0,0,0,0,0,0,0,0
"539",1999,11,1999-11-15,"bc 1",20,9,1,1,1,1,0,0,1,0,0,0,0,0,0,0,0
"540",1999,11,1999-11-15,"bc 1",20,10,1,0,1,0,0,0,0,0,0,0,0,0,0,0,0
"541",1999,11,1999-11-15,"bc 1",30,1,1,1,0,0,0,0,0,0,0,0,0,0,0,0,0
"542",1999,11,1999-11-15,"bc 1",30,2,0,0,0,0,0,0,1,0,0,0,0,0,0,0,0
"543",1999,11,1999-11-15,"bc 1",30,3,1,1,0,0,0,0,0,0,0,0,0,0,0,0,0
"544",1999,11,1999-11-15,"bc 1",30,4,1,1,1,1,0,0,0,0,0,0,0,0,0,0,0
"545",1999,11,1999-11-15,"bc 1",30,5,1,0,0,1,0,0,0,0,0,0,0,0,0,0,0
"546",1999,11,1999-11-15,"bc 1",30,6,1,1,0,1,0,0,1,0,0,0,0,0,0,0,0
"547",1999,11,1999-11-15,"bc 1",30,7,1,0,1,0,0,0,1,0,0,0,0,0,0,0,0
"548",1999,11,1999-11-15,"bc 1",30,8,1,0,0,0,0,0,0,0,0,0,0,0,0,0,0
"549",1999,11,1999-11-15,"bc 1",30,9,1,1,0,0,0,0,1,0,0,0,0,0,0,0,0
"550",1999,11,1999-11-15,"bc 1",30,10,1,0,0,1,0,0,1,0,0,0,0,0,0,0,0
"551",2000,11,2000-11-02,"bc 1",10,1,1,1,0,1,0,0,0,0,0,0,0,0,0,0,0
"552",2000,11,2000-11-02,"bc 1",10,2,1,0,1,0,0,0,1,0,0,0,0,0,0,0,0
"553",2000,11,2000-11-02,"bc 1",10,3,1,1,0,0,0,0,0,0,0,0,0,0,0,0,0
"554",2000,11,2000-11-02,"bc 1",10,4,1,1,1,1,0,0,1,0,0,0,0,0,0,0,0
"555",2000,11,2000-11-02,"bc 1",10,5,1,1,0,1,0,0,1,0,0,0,0,0,0,0,0
"556",2000,11,2000-11-02,"bc 1",10,6,1,1,1,0,0,0,1,0,0,0,0,0,0,0,0
"557",2000,11,2000-11-02,"bc 1",10,7,1,1,0,1,0,0,1,0,0,0,0,0,0,0,0
"558",2000,11,2000-11-02,"bc 1",10,8,1,1,0,0,0,0,1,0,0,0,0,0,0,0,0
"559",2000,11,2000-11-02,"bc 1",10,9,1,1,0,1,0,0,1,0,0,0,0,0,0,0,0
"560",2000,11,2000-11-02,"bc 1",10,10,1,1,0,1,0,0,1,0,0,0,0,0,0,0,0
"561",2000,11,2000-11-02,"bc 1",20,1,1,1,0,0,0,0,1,0,0,0,0,0,0,0,0
"562",2000,11,2000-11-02,"bc 1",20,2,1,1,0,0,0,0,1,0,0,0,0,0,0,0,0
"563",2000,11,2000-11-02,"bc 1",20,3,1,1,0,1,0,0,1,0,0,0,0,0,0,0,0
"564",2000,11,2000-11-02,"bc 1",20,4,1,1,0,1,0,0,0,0,1,0,0,0,0,0,0
"565",2000,11,2000-11-02,"bc 1",20,5,1,0,0,1,0,0,0,0,0,0,0,0,0,0,0
"566",2000,11,2000-11-02,"bc 1",20,6,1,1,0,1,0,0,1,0,0,0,0,0,0,0,0
"567",2000,11,2000-11-02,"bc 1",20,7,1,1,0,0,0,0,1,0,1,0,0,0,0,0,0
"568",2000,11,2000-11-02,"bc 1",20,8,1,0,0,0,0,0,1,0,0,0,0,0,0,0,0
"569",2000,11,2000-11-02,"bc 1",20,9,1,1,0,0,0,0,0,0,1,0,0,0,0,0,0
"570",2000,11,2000-11-02,"bc 1",20,10,1,0,1,1,0,0,1,0,0,0,0,0,0,0,0
"571",2000,11,2000-11-02,"bc 1",30,1,1,1,0,1,0,0,1,0,1,0,0,0,0,0,0
"572",2000,11,2000-11-02,"bc 1",30,2,1,1,0,1,0,0,0,0,0,0,0,0,0,0,0
"573",2000,11,2000-11-02,"bc 1",30,3,1,1,1,0,0,0,1,0,0,0,0,0,0,0,0
"574",2000,11,2000-11-02,"bc 1",30,4,1,1,0,1,0,0,1,0,0,0,0,0,0,0,0
"575",2000,11,2000-11-02,"bc 1",30,5,1,1,1,0,0,0,1,0,1,0,0,0,0,0,0
"576",2000,11,2000-11-02,"bc 1",30,6,1,1,0,1,0,0,0,0,1,0,0,0,0,0,0
"577",2000,11,2000-11-02,"bc 1",30,7,1,0,1,0,0,0,0,0,1,0,0,0,0,0,0
"578",2000,11,2000-11-02,"bc 1",30,8,1,1,0,0,0,0,0,0,1,0,0,0,0,0,0
"579",2000,11,2000-11-02,"bc 1",30,9,1,1,0,1,0,0,1,0,0,0,0,0,0,0,0
"580",2000,11,2000-11-02,"bc 1",30,10,1,0,0,1,0,0,1,0,0,0,0,0,0,0,0
"581",2000,11,2000-11-16,"twin west",10,1,1,1,1,0,0,0,1,0,0,0,0,0,0,0,0
"582",2000,11,2000-11-16,"twin west",10,2,1,1,0,1,0,0,1,0,0,0,0,0,0,0,0
"583",2000,11,2000-11-16,"twin west",10,3,1,0,1,1,0,0,1,0,0,0,0,0,0,0,0
"584",2000,11,2000-11-16,"twin west",10,4,1,1,0,1,0,0,1,0,0,0,0,0,0,0,0
"585",2000,11,2000-11-16,"twin west",10,5,1,0,0,1,0,0,1,0,0,0,0,0,0,0,0
"586",2000,11,2000-11-16,"twin west",10,6,1,0,0,1,0,0,1,0,0,0,0,0,0,0,0
"587",2000,11,2000-11-16,"twin west",10,7,1,1,0,1,0,0,1,0,0,0,0,0,0,0,0
"588",2000,11,2000-11-16,"twin west",10,8,1,1,0,1,0,0,1,0,0,0,0,0,0,0,0
"589",2000,11,2000-11-16,"twin west",10,9,1,1,0,1,0,0,1,0,0,0,0,0,0,0,0
"590",2000,11,2000-11-16,"twin west",10,10,1,1,0,1,0,0,1,0,0,0,0,0,0,0,0
"591",2000,11,2000-11-16,"twin west",20,1,1,1,0,1,0,0,1,0,1,0,0,0,0,0,0
"592",2000,11,2000-11-16,"twin west",20,2,1,1,0,0,0,0,1,0,0,0,0,0,0,0,0
"593",2000,11,2000-11-16,"twin west",20,3,1,1,0,1,0,0,1,0,0,0,0,0,0,0,0
"594",2000,11,2000-11-16,"twin west",20,4,1,1,1,1,0,0,1,0,0,0,0,0,0,0,0
"595",2000,11,2000-11-16,"twin west",20,5,1,0,1,1,0,0,1,0,0,0,0,0,0,0,0
"596",2000,11,2000-11-16,"twin west",20,6,1,1,0,0,0,0,1,0,0,0,0,0,0,0,0
"597",2000,11,2000-11-16,"twin west",20,7,1,1,0,1,0,0,1,0,0,0,0,0,0,0,0
"598",2000,11,2000-11-16,"twin west",20,8,1,1,0,0,0,0,1,0,0,0,0,0,0,0,0
"599",2000,11,2000-11-16,"twin west",20,9,1,1,0,0,0,0,1,0,0,0,0,0,0,0,0
"600",2000,11,2000-11-16,"twin west",20,10,1,1,1,0,0,0,1,0,1,0,0,0,0,0,0
"601",2000,11,2000-11-16,"twin west",30,1,1,0,1,1,0,0,0,0,1,0,0,0,0,0,0
"602",2000,11,2000-11-16,"twin west",30,2,1,1,0,0,0,0,0,0,0,0,0,0,0,0,0
"603",2000,11,2000-11-16,"twin west",30,3,1,1,0,0,0,0,1,0,0,0,0,0,0,0,0
"604",2000,11,2000-11-16,"twin west",30,4,1,1,1,0,0,0,1,0,0,0,0,0,0,0,0
"605",2000,11,2000-11-16,"twin west",30,5,1,1,0,1,0,0,1,0,0,0,0,0,0,0,0
"606",2000,11,2000-11-16,"twin west",30,6,1,1,0,0,0,0,1,0,0,0,0,0,0,0,0
"607",2000,11,2000-11-16,"twin west",30,7,1,1,0,0,0,0,0,0,1,0,0,0,0,0,0
"608",2000,11,2000-11-16,"twin west",30,8,1,0,1,0,0,0,1,0,0,0,0,0,0,0,0
"609",2000,11,2000-11-16,"twin west",30,9,1,0,0,0,0,0,1,0,0,0,0,0,0,0,0
"610",2000,11,2000-11-16,"twin west",30,10,1,1,0,1,0,0,1,0,0,0,0,0,0,0,0
"611",2000,11,2000-11-21,"diablo",10,1,0,0,0,0,0,0,0,0,0,0,0,0,0,0,0
"612",2000,11,2000-11-21,"diablo",10,2,1,1,0,0,0,0,1,0,0,0,0,0,0,0,0
"613",2000,11,2000-11-21,"diablo",10,3,1,0,0,0,0,0,1,0,0,0,0,0,0,0,0
"614",2000,11,2000-11-21,"diablo",10,4,1,1,0,0,0,0,1,0,0,0,0,0,0,0,0
"615",2000,11,2000-11-21,"diablo",10,5,1,1,1,1,0,0,1,0,0,0,0,0,0,0,0
"616",2000,11,2000-11-21,"diablo",10,6,1,1,0,1,0,0,1,0,0,0,0,0,0,0,0
"617",2000,11,2000-11-21,"diablo",10,7,1,0,1,0,0,0,1,0,0,0,0,0,0,0,0
"618",2000,11,2000-11-21,"diablo",10,8,1,1,0,1,0,0,1,0,0,0,0,0,0,0,0
"619",2000,11,2000-11-21,"diablo",10,9,1,0,0,0,0,0,1,0,0,0,0,0,0,0,0
"620",2000,11,2000-11-21,"diablo",10,10,1,0,0,0,0,0,1,0,0,0,0,0,0,0,0
"621",2000,11,2000-11-21,"diablo",20,1,1,1,0,0,0,0,1,0,0,0,0,0,0,0,0
"622",2000,11,2000-11-21,"diablo",20,2,1,1,0,1,0,0,1,0,0,0,0,0,0,0,0
"623",2000,11,2000-11-21,"diablo",20,3,1,1,0,0,0,0,1,0,0,0,0,0,0,0,0
"624",2000,11,2000-11-21,"diablo",20,4,1,0,0,1,0,0,1,0,0,0,0,0,0,0,0
"625",2000,11,2000-11-21,"diablo",20,5,1,1,0,0,0,0,1,0,0,0,0,0,0,0,0
"626",2000,11,2000-11-21,"diablo",20,6,1,1,0,1,0,0,1,0,0,0,0,0,0,0,0
"627",2000,11,2000-11-21,"diablo",20,7,1,1,0,1,0,0,1,0,0,0,0,0,0,0,0
"628",2000,11,2000-11-21,"diablo",20,8,1,0,0,0,0,0,1,0,1,0,0,0,0,0,0
"629",2000,11,2000-11-21,"diablo",20,9,1,1,0,1,0,0,1,0,0,0,0,0,0,0,0
"630",2000,11,2000-11-21,"diablo",20,10,1,0,1,1,0,0,1,0,0,0,0,0,0,0,0
"631",2000,11,2000-11-21,"diablo",30,1,1,1,0,1,0,0,1,0,1,0,0,0,0,0,0
"632",2000,11,2000-11-21,"diablo",30,2,1,1,0,1,0,0,1,0,1,0,0,0,0,0,0
"633",2000,11,2000-11-21,"diablo",30,3,1,1,0,0,0,0,1,0,1,0,0,0,0,0,0
"634",2000,11,2000-11-21,"diablo",30,4,1,1,1,1,0,0,1,0,0,0,0,0,0,0,0
"635",2000,11,2000-11-21,"diablo",30,5,1,1,0,0,0,0,1,0,1,0,0,0,0,0,0
"636",2000,11,2000-11-21,"diablo",30,6,1,1,0,0,0,0,1,0,1,0,0,0,0,0,0
"637",2000,11,2000-11-21,"diablo",30,7,1,1,0,0,0,0,1,0,1,0,0,0,0,0,0
"638",2000,11,2000-11-21,"diablo",30,8,1,1,1,0,0,0,1,0,1,0,0,0,0,0,0
"639",2000,11,2000-11-21,"diablo",30,9,1,1,0,0,0,0,1,0,0,0,0,0,0,0,0
"640",2000,11,2000-11-21,"diablo",30,10,1,1,0,0,0,0,0,0,0,0,0,0,0,0,0
"641",2001,10,2001-10-31,"bc 1",10,1,1,1,0,0,0,0,1,0,0,0,0,0,0,0,0
"642",2001,10,2001-10-31,"bc 1",10,2,1,0,1,0,0,0,1,0,0,0,0,0,0,0,0
"643",2001,10,2001-10-31,"bc 1",10,3,1,0,1,0,0,0,1,0,0,0,0,0,0,0,0
"644",2001,10,2001-10-31,"bc 1",10,4,1,0,1,1,0,0,1,0,0,0,0,0,0,0,0
"645",2001,10,2001-10-31,"bc 1",10,5,1,1,0,1,0,0,1,0,0,0,0,0,0,0,0
"646",2001,10,2001-10-31,"bc 1",10,6,1,0,1,1,0,0,1,0,0,0,0,0,0,0,0
"647",2001,10,2001-10-31,"bc 1",10,7,1,1,1,1,0,0,1,0,0,0,0,0,0,0,0
"648",2001,10,2001-10-31,"bc 1",10,8,1,1,0,1,0,0,1,0,0,0,0,0,0,0,0
"649",2001,10,2001-10-31,"bc 1",10,9,1,1,1,1,0,0,1,0,0,0,0,0,0,0,0
"650",2001,10,2001-10-31,"bc 1",10,10,1,0,1,0,0,0,1,0,0,0,0,0,0,0,0
"651",2001,10,2001-10-31,"bc 1",20,1,1,0,1,1,0,0,1,0,0,0,0,0,0,0,0
"652",2001,10,2001-10-31,"bc 1",20,2,1,0,1,1,0,0,1,0,0,0,0,0,0,0,0
"653",2001,10,2001-10-31,"bc 1",20,3,1,0,1,1,0,0,1,0,0,0,0,0,0,0,0
"654",2001,10,2001-10-31,"bc 1",20,4,1,1,0,0,0,0,0,0,0,0,0,0,0,0,0
"655",2001,10,2001-10-31,"bc 1",20,5,1,1,1,0,0,0,1,0,0,0,0,0,0,0,0
"656",2001,10,2001-10-31,"bc 1",20,6,1,1,1,1,1,0,1,0,0,0,0,0,0,0,0
"657",2001,10,2001-10-31,"bc 1",20,7,1,0,1,1,0,0,1,0,0,0,0,0,0,0,0
"658",2001,10,2001-10-31,"bc 1",20,8,1,1,1,0,0,0,1,0,0,0,0,0,0,0,0
"659",2001,10,2001-10-31,"bc 1",20,9,1,1,0,0,0,0,1,0,0,0,0,0,0,0,0
"660",2001,10,2001-10-31,"bc 1",20,10,1,0,0,0,0,0,1,0,0,0,0,0,0,0,0
"661",2001,10,2001-10-31,"bc 1",30,1,1,1,1,0,0,0,0,0,1,0,0,0,0,0,0
"662",2001,10,2001-10-31,"bc 1",30,2,1,1,0,0,0,0,1,0,0,0,0,0,0,0,0
"663",2001,10,2001-10-31,"bc 1",30,3,1,1,1,0,0,0,1,0,1,0,0,0,0,0,0
"664",2001,10,2001-10-31,"bc 1",30,4,1,1,1,1,0,0,1,0,0,0,0,0,0,0,0
"665",2001,10,2001-10-31,"bc 1",30,5,1,1,1,0,0,0,0,0,0,0,0,0,0,0,0
"666",2001,10,2001-10-31,"bc 1",30,6,1,1,0,1,0,0,1,0,0,0,0,0,0,0,0
"667",2001,10,2001-10-31,"bc 1",30,7,1,1,0,0,0,0,1,0,1,0,0,0,0,0,0
"668",2001,10,2001-10-31,"bc 1",30,8,1,1,1,1,0,0,1,0,1,0,0,0,0,0,0
"669",2001,10,2001-10-31,"bc 1",30,9,1,1,0,0,0,0,1,0,1,0,0,0,0,0,0
"670",2001,10,2001-10-31,"bc 1",30,10,1,1,1,0,0,0,1,0,1,0,0,0,0,0,0
"671",2001,11,2001-11-09,"twin west",10,1,1,0,1,1,0,0,1,0,0,0,0,0,0,0,0
"672",2001,11,2001-11-09,"twin west",10,2,1,1,0,1,0,0,1,0,0,0,0,0,0,0,0
"673",2001,11,2001-11-09,"twin west",10,3,1,1,1,1,0,0,1,0,1,0,0,0,0,0,0
"674",2001,11,2001-11-09,"twin west",10,4,1,1,1,1,0,0,1,0,0,0,0,0,0,0,0
"675",2001,11,2001-11-09,"twin west",10,5,1,1,1,1,0,0,1,0,0,0,0,0,0,0,0
"676",2001,11,2001-11-09,"twin west",10,6,1,1,1,1,0,0,1,0,0,0,0,0,0,0,0
"677",2001,11,2001-11-09,"twin west",10,7,1,1,0,1,0,0,1,0,0,0,0,0,0,0,0
"678",2001,11,2001-11-09,"twin west",10,8,1,1,0,1,0,0,1,0,0,0,0,0,0,0,0
"679",2001,11,2001-11-09,"twin west",10,9,1,1,0,1,0,0,1,0,0,0,0,0,0,0,0
"680",2001,11,2001-11-09,"twin west",10,10,1,1,1,1,0,0,1,0,0,0,0,0,0,0,0
"681",2001,11,2001-11-09,"twin west",20,1,1,1,1,1,0,0,1,0,0,0,0,0,0,0,0
"682",2001,11,2001-11-09,"twin west",20,2,1,0,0,1,0,0,1,0,0,0,0,0,0,0,0
"683",2001,11,2001-11-09,"twin west",20,3,1,1,0,0,0,0,1,0,0,0,0,0,0,0,0
"684",2001,11,2001-11-09,"twin west",20,4,1,1,1,0,0,0,1,0,0,0,0,0,0,0,0
"685",2001,11,2001-11-09,"twin west",20,5,1,1,1,1,0,0,1,0,1,0,0,0,0,0,0
"686",2001,11,2001-11-09,"twin west",20,6,1,0,0,0,0,0,1,0,0,0,0,0,0,0,0
"687",2001,11,2001-11-09,"twin west",20,7,1,1,0,0,0,0,1,0,0,0,0,0,0,0,0
"688",2001,11,2001-11-09,"twin west",20,8,1,0,1,0,0,0,1,0,0,0,0,0,0,0,0
"689",2001,11,2001-11-09,"twin west",20,9,1,1,1,1,0,0,1,0,1,0,0,0,0,0,0
"690",2001,11,2001-11-09,"twin west",20,10,1,1,0,0,0,0,1,0,0,0,0,0,0,0,0
"691",2001,11,2001-11-09,"twin west",30,1,1,1,1,1,0,0,1,0,1,0,0,0,0,0,0
"692",2001,11,2001-11-09,"twin west",30,2,1,1,1,0,0,0,1,0,1,0,0,0,0,0,0
"693",2001,11,2001-11-09,"twin west",30,3,1,1,0,0,0,0,1,0,0,0,0,0,0,0,0
"694",2001,11,2001-11-09,"twin west",30,4,1,1,1,0,1,0,1,0,1,0,0,0,0,0,0
"695",2001,11,2001-11-09,"twin west",30,5,1,0,1,1,0,0,1,0,1,0,0,0,0,0,0
"696",2001,11,2001-11-09,"twin west",30,6,1,1,1,0,0,0,1,0,1,0,0,0,0,0,0
"697",2001,11,2001-11-09,"twin west",30,7,1,1,1,0,0,0,1,0,1,0,0,0,0,0,0
"698",2001,11,2001-11-09,"twin west",30,8,1,1,0,1,0,0,1,0,1,0,0,0,0,0,0
"699",2001,11,2001-11-09,"twin west",30,9,1,1,0,1,0,0,1,0,0,0,0,0,0,0,0
"700",2001,11,2001-11-09,"twin west",30,10,1,1,0,1,0,0,1,0,0,0,0,0,0,0,0
"701",2001,11,2001-11-27,"diablo",10,1,1,0,0,0,0,0,1,0,0,0,0,0,0,0,0
"702",2001,11,2001-11-27,"diablo",10,2,1,1,0,1,0,0,1,0,0,0,0,0,0,0,0
"703",2001,11,2001-11-27,"diablo",10,3,1,0,1,0,0,0,1,0,0,0,0,0,0,0,0
"704",2001,11,2001-11-27,"diablo",10,4,1,0,1,1,0,0,1,0,0,0,0,0,0,0,0
"705",2001,11,2001-11-27,"diablo",10,5,1,0,0,1,0,0,1,0,0,0,0,0,0,0,0
"706",2001,11,2001-11-27,"diablo",10,6,1,0,0,1,0,0,1,0,0,0,0,0,0,0,0
"707",2001,11,2001-11-27,"diablo",10,7,1,0,0,0,0,0,1,0,0,0,0,0,0,0,0
"708",2001,11,2001-11-27,"diablo",10,8,1,1,0,1,0,0,1,0,0,0,0,0,0,0,0
"709",2001,11,2001-11-27,"diablo",10,9,1,0,1,1,0,0,1,0,0,0,0,0,0,0,0
"710",2001,11,2001-11-27,"diablo",10,10,1,0,1,0,0,0,1,0,0,0,0,0,0,0,0
"711",2001,11,2001-11-27,"diablo",20,1,1,1,0,0,0,0,1,0,0,0,0,0,0,0,0
"712",2001,11,2001-11-27,"diablo",20,2,1,0,0,1,0,0,2,0,0,0,0,0,0,0,0
"713",2001,11,2001-11-27,"diablo",20,3,1,0,0,1,0,0,1,0,0,0,0,0,0,0,0
"714",2001,11,2001-11-27,"diablo",20,4,1,0,0,0,0,0,1,0,0,0,0,0,0,0,0
"715",2001,11,2001-11-27,"diablo",20,5,1,0,0,1,0,0,1,0,0,0,0,0,0,0,0
"716",2001,11,2001-11-27,"diablo",20,6,1,1,0,1,0,0,1,0,0,0,0,0,0,0,0
"717",2001,11,2001-11-27,"diablo",20,7,1,1,1,0,0,0,1,0,0,0,0,0,0,0,0
"718",2001,11,2001-11-27,"diablo",20,8,1,0,1,0,0,0,1,0,0,0,0,0,0,0,0
"719",2001,11,2001-11-27,"diablo",20,9,1,1,0,0,0,0,1,0,0,0,0,0,0,0,0
"720",2001,11,2001-11-27,"diablo",20,10,1,1,0,1,0,0,1,0,0,0,0,0,0,0,0
"721",2001,11,2001-11-27,"diablo",30,1,1,1,1,1,0,0,1,0,1,0,0,0,0,0,0
"722",2001,11,2001-11-27,"diablo",30,2,1,0,1,1,0,0,1,0,1,0,0,0,0,0,0
"723",2001,11,2001-11-27,"diablo",30,3,1,1,0,1,0,0,1,0,1,0,0,0,0,0,0
"724",2001,11,2001-11-27,"diablo",30,4,1,1,1,1,0,0,1,0,0,0,0,0,0,0,0
"725",2001,11,2001-11-27,"diablo",30,5,1,0,1,0,0,0,1,0,0,0,0,0,0,0,0
"726",2001,11,2001-11-27,"diablo",30,6,1,0,1,0,0,0,1,0,0,0,0,0,0,0,0
"727",2001,11,2001-11-27,"diablo",30,7,1,1,0,1,0,0,1,0,0,0,0,0,0,0,0
"728",2001,11,2001-11-27,"diablo",30,8,1,1,1,1,0,0,1,0,0,0,0,0,0,0,0
"729",2001,11,2001-11-27,"diablo",30,9,1,1,1,1,0,0,1,0,0,0,0,0,0,0,0
"730",2001,11,2001-11-27,"diablo",30,10,1,0,0,0,0,0,1,0,0,0,0,0,0,0,0
"731",2002,11,2002-11-21,"diablo",10,1,1,1,1,1,0,0,1,0,0,0,0,0,0,0,0
"732",2002,11,2002-11-21,"diablo",10,2,1,1,1,1,0,0,1,0,0,0,0,0,0,0,0
"733",2002,11,2002-11-21,"diablo",10,3,1,1,1,1,0,0,1,0,0,0,0,0,0,0,0
"734",2002,11,2002-11-21,"diablo",10,4,1,1,1,0,0,0,1,0,0,0,0,0,0,0,0
"735",2002,11,2002-11-21,"diablo",10,5,1,1,0,1,0,0,1,0,1,0,0,0,0,0,0
"736",2002,11,2002-11-21,"diablo",10,6,1,1,1,0,0,0,1,0,0,0,0,0,0,0,0
"737",2002,11,2002-11-21,"diablo",10,7,1,1,1,1,0,0,1,0,0,0,0,0,0,0,0
"738",2002,11,2002-11-21,"diablo",10,8,1,0,0,1,0,0,1,0,0,0,0,0,0,0,0
"739",2002,11,2002-11-21,"diablo",10,9,1,1,1,1,0,0,1,0,0,0,0,0,0,0,0
"740",2002,11,2002-11-21,"diablo",10,10,1,1,0,1,0,0,1,0,0,0,0,0,0,0,0
"741",2002,11,2002-11-21,"diablo",20,1,1,1,1,0,0,0,1,0,0,0,0,0,0,0,0
"742",2002,11,2002-11-21,"diablo",20,2,1,0,0,1,0,0,1,0,0,0,0,0,0,0,0
"743",2002,11,2002-11-21,"diablo",20,3,1,1,0,1,0,0,1,0,0,0,0,0,0,0,0
"744",2002,11,2002-11-21,"diablo",20,4,1,1,1,0,0,0,1,0,0,0,0,0,0,0,0
"745",2002,11,2002-11-21,"diablo",20,5,1,1,1,0,0,0,0,0,0,0,0,0,0,0,0
"746",2002,11,2002-11-21,"diablo",20,6,1,1,1,1,0,0,1,0,0,0,0,0,0,0,0
"747",2002,11,2002-11-21,"diablo",20,7,1,1,0,1,0,0,1,0,0,0,0,0,0,0,0
"748",2002,11,2002-11-21,"diablo",20,8,1,1,0,1,0,0,1,0,0,0,0,0,0,0,0
"749",2002,11,2002-11-21,"diablo",20,9,1,0,0,1,0,0,0,0,0,0,0,0,0,0,0
"750",2002,11,2002-11-21,"diablo",20,10,1,0,1,1,0,0,0,0,0,0,0,0,0,0,0
"751",2002,11,2002-11-21,"diablo",30,1,1,1,1,1,0,0,1,0,0,0,0,0,0,0,0
"752",2002,11,2002-11-21,"diablo",30,2,0,0,0,0,0,0,0,0,0,0,0,0,0,0,0
"753",2002,11,2002-11-21,"diablo",30,3,1,1,1,1,0,0,1,0,0,0,0,0,0,0,0
"754",2002,11,2002-11-21,"diablo",30,4,1,1,0,1,0,0,1,0,0,0,0,0,0,0,0
"755",2002,11,2002-11-21,"diablo",30,5,1,1,1,0,0,0,1,0,1,0,0,0,0,0,0
"756",2002,11,2002-11-21,"diablo",30,6,1,1,1,0,0,0,1,0,0,0,0,0,0,0,0
"757",2002,11,2002-11-21,"diablo",30,7,1,1,1,1,0,0,1,0,0,0,0,0,0,0,0
"758",2002,11,2002-11-21,"diablo",30,8,1,1,1,1,0,0,1,0,0,0,0,0,0,0,0
"759",2002,11,2002-11-21,"diablo",30,9,1,0,0,1,0,0,1,0,1,0,0,0,0,0,0
"760",2002,11,2002-11-21,"diablo",30,10,1,1,0,1,0,0,1,0,0,0,0,0,0,0,0
"761",2002,11,2002-11-22,"bc 1",10,1,1,1,1,0,0,0,1,0,0,0,0,0,0,0,0
"762",2002,11,2002-11-22,"bc 1",10,2,1,0,0,0,0,0,1,0,0,0,0,0,0,0,0
"763",2002,11,2002-11-22,"bc 1",10,3,1,1,1,1,0,0,1,0,0,0,0,0,0,0,0
"764",2002,11,2002-11-22,"bc 1",10,4,1,1,1,0,0,0,1,1,0,0,0,0,0,0,0
"765",2002,11,2002-11-22,"bc 1",10,5,1,1,0,1,0,0,1,0,0,0,0,0,0,0,0
"766",2002,11,2002-11-22,"bc 1",10,6,1,1,0,0,0,0,1,0,0,0,0,0,0,0,0
"767",2002,11,2002-11-22,"bc 1",10,7,1,1,0,1,0,0,1,0,0,0,0,0,0,0,0
"768",2002,11,2002-11-22,"bc 1",10,8,1,1,0,1,0,0,1,1,0,0,0,0,0,0,0
"769",2002,11,2002-11-22,"bc 1",10,9,1,1,0,1,0,0,1,0,1,0,0,0,0,0,0
"770",2002,11,2002-11-22,"bc 1",10,10,1,1,1,0,0,0,1,0,0,0,0,0,0,0,0
"771",2002,11,2002-11-22,"bc 1",20,1,1,1,1,1,0,0,1,0,0,0,0,0,0,0,0
"772",2002,11,2002-11-22,"bc 1",20,2,1,1,1,0,0,0,1,0,0,0,0,0,0,0,0
"773",2002,11,2002-11-22,"bc 1",20,3,1,1,0,1,0,0,1,0,0,1,0,0,0,0,0
"774",2002,11,2002-11-22,"bc 1",20,4,1,1,0,1,0,0,1,0,0,0,0,0,0,0,0
"775",2002,11,2002-11-22,"bc 1",20,5,1,1,0,1,0,0,1,0,0,0,0,0,0,0,0
"776",2002,11,2002-11-22,"bc 1",20,6,1,1,0,0,0,0,1,0,0,0,0,0,0,0,0
"777",2002,11,2002-11-22,"bc 1",20,7,1,1,0,1,0,0,1,0,0,0,0,0,0,0,0
"778",2002,11,2002-11-22,"bc 1",20,8,1,1,0,0,0,0,1,0,0,0,0,0,0,0,0
"779",2002,11,2002-11-22,"bc 1",20,9,1,1,1,0,0,0,1,0,0,0,0,0,0,0,0
"780",2002,11,2002-11-22,"bc 1",20,10,1,1,0,0,0,0,0,0,0,0,0,0,0,0,0
"781",2002,11,2002-11-22,"bc 1",30,1,1,1,1,0,0,0,1,0,0,0,0,0,0,0,0
"782",2002,11,2002-11-22,"bc 1",30,2,1,0,1,1,0,0,1,0,0,0,0,0,0,0,0
"783",2002,11,2002-11-22,"bc 1",30,3,1,1,0,0,0,0,0,0,0,0,0,1,0,0,0
"784",2002,11,2002-11-22,"bc 1",30,4,1,1,0,1,0,0,1,0,1,0,0,0,0,0,0
"785",2002,11,2002-11-22,"bc 1",30,5,1,1,0,0,0,0,1,0,1,0,0,0,0,0,0
"786",2002,11,2002-11-22,"bc 1",30,6,1,0,0,0,0,0,0,0,0,0,0,0,0,0,0
"787",2002,11,2002-11-22,"bc 1",30,7,1,1,1,1,0,0,1,0,0,0,0,0,0,0,0
"788",2002,11,2002-11-22,"bc 1",30,8,1,1,1,0,0,0,1,0,0,0,0,0,0,0,0
"789",2002,11,2002-11-22,"bc 1",30,9,1,1,0,1,0,0,1,0,0,0,0,0,0,0,0
"790",2002,11,2002-11-22,"bc 1",30,10,1,1,0,0,0,0,1,0,1,0,0,0,0,0,0
"791",2003,10,2003-10-17,"diablo",10,1,1,0,0,0,0,0,1,0,0,0,0,0,0,0,0
"792",2003,10,2003-10-17,"diablo",10,2,1,1,0,0,0,0,1,0,0,0,0,0,0,0,0
"793",2003,10,2003-10-17,"diablo",10,3,1,1,0,1,0,0,1,1,0,0,0,0,0,0,0
"794",2003,10,2003-10-17,"diablo",10,4,1,1,0,0,0,0,1,0,0,0,0,0,0,0,0
"795",2003,10,2003-10-17,"diablo",10,5,1,1,0,0,0,0,1,0,1,0,0,0,0,0,0
"796",2003,10,2003-10-17,"diablo",10,6,1,0,0,0,0,0,1,0,0,0,0,0,0,0,0
"797",2003,10,2003-10-17,"diablo",10,7,1,1,0,0,0,0,1,0,0,0,0,0,0,0,0
"798",2003,10,2003-10-17,"diablo",10,8,1,1,1,1,0,0,1,0,0,0,0,0,0,0,0
"799",2003,10,2003-10-17,"diablo",10,9,1,0,0,1,0,0,1,0,0,0,0,0,0,0,0
"800",2003,10,2003-10-17,"diablo",10,10,1,1,0,1,0,0,1,0,0,0,0,1,0,0,0
"801",2003,10,2003-10-17,"diablo",20,1,1,1,0,1,0,0,1,1,0,0,0,0,0,0,0
"802",2003,10,2003-10-17,"diablo",20,2,1,1,1,1,0,0,1,1,1,0,0,0,0,0,0
"803",2003,10,2003-10-17,"diablo",20,3,1,1,1,0,0,0,1,0,0,0,0,0,0,0,0
"804",2003,10,2003-10-17,"diablo",20,4,1,1,1,1,0,0,1,0,1,0,1,0,0,0,0
"805",2003,10,2003-10-17,"diablo",20,5,1,1,0,1,0,0,0,0,0,0,0,0,0,0,0
"806",2003,10,2003-10-17,"diablo",20,6,1,1,0,1,0,0,1,0,0,0,1,0,0,0,0
"807",2003,10,2003-10-17,"diablo",20,7,1,1,0,1,0,0,1,1,0,0,1,0,0,0,0
"808",2003,10,2003-10-17,"diablo",20,8,1,1,1,0,0,0,1,0,0,0,0,0,0,0,0
"809",2003,10,2003-10-17,"diablo",20,9,1,1,0,1,0,0,1,1,0,0,0,0,0,0,0
"810",2003,10,2003-10-17,"diablo",20,10,1,1,1,1,0,0,1,0,0,0,0,0,0,0,0
"811",2003,10,2003-10-17,"diablo",30,1,1,1,0,1,0,0,1,0,0,0,0,0,0,0,0
"812",2003,10,2003-10-17,"diablo",30,2,1,1,0,1,0,0,1,0,0,0,1,0,0,0,0
"813",2003,10,2003-10-17,"diablo",30,3,1,1,0,1,0,0,1,0,0,0,0,0,0,0,0
"814",2003,10,2003-10-17,"diablo",30,4,1,1,0,0,0,0,1,0,0,0,0,0,0,0,0
"815",2003,10,2003-10-17,"diablo",30,5,1,1,0,0,0,0,1,0,0,0,1,0,0,0,0
"816",2003,10,2003-10-17,"diablo",30,6,1,1,1,1,0,0,1,1,0,0,0,0,0,0,0
"817",2003,10,2003-10-17,"diablo",30,7,1,1,1,1,0,0,1,1,1,0,0,0,0,0,0
"818",2003,10,2003-10-17,"diablo",30,8,1,1,0,1,0,0,1,0,1,0,1,0,0,0,0
"819",2003,10,2003-10-17,"diablo",30,9,1,1,0,0,0,0,1,0,0,0,0,0,0,0,0
"820",2003,10,2003-10-17,"diablo",30,10,1,1,0,1,0,0,1,1,0,0,0,0,0,0,0
"821",2003,10,2003-10-29,"bc 1",10,1,1,1,0,1,0,0,1,1,0,0,0,0,0,0,0
"822",2003,10,2003-10-29,"bc 1",10,2,1,1,0,1,0,0,1,0,0,0,0,0,0,0,0
"823",2003,10,2003-10-29,"bc 1",10,3,1,0,0,1,0,0,1,0,0,0,0,0,0,0,0
"824",2003,10,2003-10-29,"bc 1",10,4,1,1,0,1,0,0,1,0,0,0,0,0,0,0,0
"825",2003,10,2003-10-29,"bc 1",10,5,1,1,0,1,0,0,1,0,0,0,0,0,0,0,0
"826",2003,10,2003-10-29,"bc 1",10,6,1,1,0,1,0,0,1,0,0,0,0,0,0,0,0
"827",2003,10,2003-10-29,"bc 1",10,7,1,1,0,0,0,0,1,1,0,0,0,0,0,0,0
"828",2003,10,2003-10-29,"bc 1",10,8,1,0,1,1,0,0,1,0,0,0,0,0,0,0,0
"829",2003,10,2003-10-29,"bc 1",10,9,1,1,0,1,0,0,1,1,0,0,0,0,0,0,0
"830",2003,10,2003-10-29,"bc 1",10,10,1,1,0,1,0,0,1,0,0,0,0,0,0,0,0
"831",2003,10,2003-10-29,"bc 1",20,1,1,1,1,1,0,0,1,0,0,0,0,0,0,0,0
"832",2003,10,2003-10-29,"bc 1",20,2,1,1,0,1,0,0,1,1,0,0,0,0,0,0,0
"833",2003,10,2003-10-29,"bc 1",20,3,1,1,0,1,0,0,1,1,0,0,0,0,0,0,0
"834",2003,10,2003-10-29,"bc 1",20,4,1,1,0,1,0,0,1,0,1,0,0,0,0,0,0
"835",2003,10,2003-10-29,"bc 1",20,5,1,1,0,1,0,0,0,0,1,0,0,0,0,0,0
"836",2003,10,2003-10-29,"bc 1",20,6,1,1,0,1,0,0,1,0,0,0,0,0,0,0,0
"837",2003,10,2003-10-29,"bc 1",20,7,1,1,0,0,0,0,1,0,1,0,0,0,0,0,0
"838",2003,10,2003-10-29,"bc 1",20,8,1,1,0,0,0,0,1,1,0,0,0,0,0,0,0
"839",2003,10,2003-10-29,"bc 1",20,9,1,1,1,0,0,0,0,0,1,0,0,0,0,0,0
"840",2003,10,2003-10-29,"bc 1",20,10,1,1,0,1,0,0,1,0,0,0,0,0,0,0,0
"841",2003,10,2003-10-29,"bc 1",30,1,1,1,0,1,0,0,1,0,0,0,1,0,0,0,0
"842",2003,10,2003-10-29,"bc 1",30,2,1,1,1,1,0,0,1,0,0,0,1,0,0,0,0
"843",2003,10,2003-10-29,"bc 1",30,3,1,1,0,0,0,0,1,1,0,0,0,0,0,0,0
"844",2003,10,2003-10-29,"bc 1",30,4,1,1,1,1,0,0,1,0,1,0,0,0,0,0,0
"845",2003,10,2003-10-29,"bc 1",30,5,1,1,0,1,0,0,1,0,0,0,0,0,0,0,0
"846",2003,10,2003-10-29,"bc 1",30,6,1,1,1,1,0,0,1,1,0,0,0,0,0,0,0
"847",2003,10,2003-10-29,"bc 1",30,7,1,1,0,1,0,0,1,0,0,0,0,0,0,0,0
"848",2003,10,2003-10-29,"bc 1",30,8,1,0,1,1,0,0,1,0,0,0,0,0,0,0,0
"849",2003,10,2003-10-29,"bc 1",30,9,1,1,1,1,0,0,1,0,0,0,0,0,0,0,0
"850",2003,10,2003-10-29,"bc 1",30,10,1,1,1,1,0,0,1,1,0,0,0,0,0,0,0
"851",2003,11,2003-11-24,"twin west",10,1,1,1,0,1,0,0,1,1,1,0,0,0,0,0,0
"852",2003,11,2003-11-24,"twin west",10,2,1,0,1,1,0,0,1,0,0,0,0,0,0,0,0
"853",2003,11,2003-11-24,"twin west",10,3,1,1,0,1,0,0,1,0,0,0,0,0,0,0,0
"854",2003,11,2003-11-24,"twin west",10,4,1,0,0,1,0,0,1,0,0,0,0,0,0,0,0
"855",2003,11,2003-11-24,"twin west",10,5,1,0,0,0,0,0,1,0,0,0,0,0,0,0,0
"856",2003,11,2003-11-24,"twin west",10,6,1,1,0,1,0,0,1,0,0,0,0,0,0,0,0
"857",2003,11,2003-11-24,"twin west",10,7,1,1,0,0,0,0,1,0,0,0,0,0,0,0,0
"858",2003,11,2003-11-24,"twin west",10,8,1,1,0,0,0,0,1,0,0,0,0,0,0,0,0
"859",2003,11,2003-11-24,"twin west",10,9,1,1,0,0,0,0,1,0,0,0,0,0,0,0,0
"860",2003,11,2003-11-24,"twin west",10,10,1,1,0,1,0,0,1,0,0,0,0,0,0,0,0
"861",2003,11,2003-11-24,"twin west",20,1,1,1,0,0,0,0,1,0,0,0,0,0,0,0,0
"862",2003,11,2003-11-24,"twin west",20,2,1,1,0,0,0,0,1,0,0,0,0,0,0,0,0
"863",2003,11,2003-11-24,"twin west",20,3,1,1,0,1,0,0,1,0,0,0,0,0,0,0,0
"864",2003,11,2003-11-24,"twin west",20,4,1,1,0,0,0,0,1,1,0,0,0,0,0,0,0
"865",2003,11,2003-11-24,"twin west",20,5,1,1,1,1,0,0,1,0,0,0,0,0,0,0,0
"866",2003,11,2003-11-24,"twin west",20,6,1,1,0,1,0,0,1,0,0,0,0,0,0,0,0
"867",2003,11,2003-11-24,"twin west",20,7,1,1,0,1,0,0,1,0,0,0,0,0,0,0,0
"868",2003,11,2003-11-24,"twin west",20,8,1,1,0,0,0,0,1,0,1,0,0,0,0,0,0
"869",2003,11,2003-11-24,"twin west",20,9,1,1,0,0,0,0,1,0,0,0,0,0,0,0,0
"870",2003,11,2003-11-24,"twin west",20,10,1,1,0,1,0,0,1,0,0,0,0,0,0,0,0
"871",2003,11,2003-11-24,"twin west",30,1,1,1,0,1,0,0,1,0,0,0,0,0,0,0,0
"872",2003,11,2003-11-24,"twin west",30,2,1,1,1,1,0,0,1,0,0,0,0,0,0,0,0
"873",2003,11,2003-11-24,"twin west",30,3,1,1,1,1,0,0,1,0,0,0,0,0,0,0,0
"874",2003,11,2003-11-24,"twin west",30,4,1,1,0,1,0,0,1,0,0,0,1,0,0,0,0
"875",2003,11,2003-11-24,"twin west",30,5,1,1,0,1,0,0,1,1,0,0,1,0,0,0,0
"876",2003,11,2003-11-24,"twin west",30,6,1,1,1,1,0,0,1,0,0,0,0,0,0,0,0
"877",2003,11,2003-11-24,"twin west",30,7,0,0,0,0,0,0,1,0,0,0,0,0,0,0,0
"878",2003,11,2003-11-24,"twin west",30,8,1,1,1,1,0,0,1,0,0,0,0,0,0,0,0
"879",2003,11,2003-11-24,"twin west",30,9,1,1,1,0,0,0,1,0,0,0,0,0,0,0,0
"880",2003,11,2003-11-24,"twin west",30,10,1,1,1,1,0,0,1,0,0,0,0,0,0,0,0
"881",2004,11,2004-11-17,"diablo",10,1,1,1,0,1,0,0,1,1,0,0,0,0,0,0,0
"882",2004,11,2004-11-17,"diablo",10,2,1,1,1,1,0,0,1,0,0,0,0,0,0,0,0
"883",2004,11,2004-11-17,"diablo",10,3,1,1,1,0,0,0,1,0,0,0,0,0,0,0,0
"884",2004,11,2004-11-17,"diablo",10,4,1,1,1,1,0,0,1,0,0,0,0,0,0,0,0
"885",2004,11,2004-11-17,"diablo",10,5,1,1,0,1,0,0,1,0,0,0,0,0,0,0,0
"886",2004,11,2004-11-17,"diablo",10,6,1,1,0,1,0,0,1,0,1,0,0,0,0,0,0
"887",2004,11,2004-11-17,"diablo",10,7,1,1,1,1,1,0,1,0,0,0,0,0,0,0,0
"888",2004,11,2004-11-17,"diablo",10,8,1,1,0,1,0,0,1,0,0,0,0,0,0,0,0
"889",2004,11,2004-11-17,"diablo",10,9,1,1,1,1,0,0,1,0,0,0,0,0,0,0,0
"890",2004,11,2004-11-17,"diablo",10,10,1,1,0,1,0,0,1,0,0,0,0,0,0,0,0
"891",2004,11,2004-11-17,"diablo",20,1,1,1,1,0,0,0,0,0,0,0,0,0,0,0,0
"892",2004,11,2004-11-17,"diablo",20,2,1,1,0,0,0,0,0,0,0,0,0,0,0,0,0
"893",2004,11,2004-11-17,"diablo",20,3,1,1,0,1,0,0,1,0,0,0,0,0,0,0,0
"894",2004,11,2004-11-17,"diablo",20,4,1,0,0,1,0,0,1,0,0,0,0,0,0,0,0
"895",2004,11,2004-11-17,"diablo",20,5,1,1,0,0,0,0,0,0,1,0,1,0,0,0,0
"896",2004,11,2004-11-17,"diablo",20,6,1,1,0,1,0,0,1,0,1,0,0,0,0,0,0
"897",2004,11,2004-11-17,"diablo",20,7,1,1,0,1,0,0,1,0,0,0,0,0,0,0,0
"898",2004,11,2004-11-17,"diablo",20,8,1,1,1,1,0,0,1,0,0,0,0,0,0,0,0
"899",2004,11,2004-11-17,"diablo",20,9,1,1,0,1,0,0,1,0,1,0,0,0,0,0,0
"900",2004,11,2004-11-17,"diablo",20,10,1,1,1,1,0,0,1,0,0,0,0,0,0,0,0
"901",2004,11,2004-11-17,"diablo",30,1,1,1,0,1,0,0,0,0,0,0,0,0,0,0,0
"902",2004,11,2004-11-17,"diablo",30,2,1,1,0,1,0,0,1,0,0,0,0,0,0,0,0
"903",2004,11,2004-11-17,"diablo",30,3,1,1,1,1,0,0,1,0,0,0,0,0,0,0,0
"904",2004,11,2004-11-17,"diablo",30,4,1,0,1,0,0,0,1,0,0,0,1,0,0,0,0
"905",2004,11,2004-11-17,"diablo",30,5,1,1,1,1,0,0,1,0,1,0,0,0,0,0,0
"906",2004,11,2004-11-17,"diablo",30,6,1,1,1,0,0,0,1,0,0,0,0,0,0,0,0
"907",2004,11,2004-11-17,"diablo",30,7,1,1,0,1,0,0,0,0,0,0,0,0,0,0,0
"908",2004,11,2004-11-17,"diablo",30,8,1,1,0,0,0,0,1,0,0,0,0,0,0,0,0
"909",2004,11,2004-11-17,"diablo",30,9,1,1,0,1,0,0,1,0,0,0,0,0,0,0,0
"910",2004,11,2004-11-17,"diablo",30,10,1,1,1,1,0,0,1,0,0,0,0,0,0,0,0
"911",2004,11,2004-11-18,"twin west",10,1,1,1,0,1,0,0,1,0,0,0,0,0,0,0,0
"912",2004,11,2004-11-18,"twin west",10,2,1,1,0,0,0,0,1,0,0,0,0,0,0,0,0
"913",2004,11,2004-11-18,"twin west",10,3,1,0,1,1,0,0,1,0,0,0,0,0,0,0,0
"914",2004,11,2004-11-18,"twin west",10,4,1,1,0,1,0,0,1,0,0,0,1,0,0,0,0
"915",2004,11,2004-11-18,"twin west",10,5,1,1,1,1,0,0,1,0,0,0,0,0,0,0,0
"916",2004,11,2004-11-18,"twin west",10,6,1,1,1,1,0,0,1,0,0,0,1,0,0,0,0
"917",2004,11,2004-11-18,"twin west",10,7,1,1,0,1,0,0,1,0,0,0,0,0,0,0,0
"918",2004,11,2004-11-18,"twin west",10,8,1,1,0,1,0,0,1,0,1,0,1,0,0,0,0
"919",2004,11,2004-11-18,"twin west",10,9,1,1,0,1,0,0,1,0,0,0,0,0,0,0,0
"920",2004,11,2004-11-18,"twin west",10,10,1,1,0,1,0,0,1,1,0,0,0,0,0,0,0
"921",2004,11,2004-11-18,"twin west",20,1,1,1,1,1,0,0,1,1,1,0,0,0,0,0,0
"922",2004,11,2004-11-18,"twin west",20,2,1,1,1,1,0,0,1,0,0,0,0,0,0,0,0
"923",2004,11,2004-11-18,"twin west",20,3,1,1,1,1,0,0,1,0,0,0,0,0,0,0,0
"924",2004,11,2004-11-18,"twin west",20,4,1,1,0,1,0,0,1,0,0,0,0,0,0,0,0
"925",2004,11,2004-11-18,"twin west",20,5,1,1,0,1,0,0,1,0,0,0,0,0,0,0,0
"926",2004,11,2004-11-18,"twin west",20,6,1,1,1,1,0,0,1,0,0,0,0,0,0,0,0
"927",2004,11,2004-11-18,"twin west",20,7,1,1,0,1,0,0,1,1,0,0,1,0,0,0,0
"928",2004,11,2004-11-18,"twin west",20,8,1,1,1,1,0,0,1,0,0,0,1,0,0,0,0
"929",2004,11,2004-11-18,"twin west",20,9,1,1,0,0,0,0,1,0,0,0,0,0,0,0,0
"930",2004,11,2004-11-18,"twin west",20,10,1,1,0,1,0,0,1,1,1,0,1,0,0,0,0
"931",2004,11,2004-11-18,"twin west",30,1,1,1,1,0,0,0,1,0,0,0,0,0,0,0,0
"932",2004,11,2004-11-18,"twin west",30,2,1,1,0,1,0,0,1,1,1,0,0,0,0,0,0
"933",2004,11,2004-11-18,"twin west",30,3,1,1,0,1,0,0,1,0,1,0,1,0,0,0,0
"934",2004,11,2004-11-18,"twin west",30,4,1,1,0,0,0,0,1,1,0,0,1,0,0,0,0
"935",2004,11,2004-11-18,"twin west",30,5,1,1,1,0,0,0,1,0,0,0,1,0,0,0,0
"936",2004,11,2004-11-18,"twin west",30,6,1,1,1,0,0,0,1,0,0,0,0,0,0,0,0
"937",2004,11,2004-11-18,"twin west",30,7,1,1,0,1,0,0,1,0,0,0,0,0,0,0,0
"938",2004,11,2004-11-18,"twin west",30,8,1,1,1,0,0,0,1,0,0,0,0,0,0,0,0
"939",2004,11,2004-11-18,"twin west",30,9,1,1,1,1,0,0,1,0,1,0,0,0,0,0,0
"940",2004,11,2004-11-18,"twin west",30,10,1,0,1,0,0,0,1,0,0,0,0,0,0,0,0
"941",2004,11,2004-11-22,"bc 1",10,1,1,1,1,1,0,0,1,1,1,0,0,0,0,0,0
"942",2004,11,2004-11-22,"bc 1",10,2,1,1,0,1,0,0,1,0,0,0,0,0,0,0,0
"943",2004,11,2004-11-22,"bc 1",10,3,1,1,1,1,0,0,0,1,0,0,1,0,0,0,0
"944",2004,11,2004-11-22,"bc 1",10,4,1,1,0,1,0,0,1,1,0,0,0,0,0,0,0
"945",2004,11,2004-11-22,"bc 1",10,5,1,1,0,0,0,0,1,0,0,0,0,0,0,0,0
"946",2004,11,2004-11-22,"bc 1",10,6,1,1,0,1,0,0,1,0,1,0,0,0,0,0,0
"947",2004,11,2004-11-22,"bc 1",10,7,1,1,0,1,0,0,1,1,1,0,1,0,0,0,0
"948",2004,11,2004-11-22,"bc 1",10,8,1,1,0,1,0,0,1,1,0,0,0,0,0,0,0
"949",2004,11,2004-11-22,"bc 1",10,9,1,1,0,1,0,0,1,1,0,0,0,0,0,0,0
"950",2004,11,2004-11-22,"bc 1",10,10,1,1,0,1,0,0,1,0,0,0,0,0,0,0,0
"951",2004,11,2004-11-22,"bc 1",20,1,1,1,1,1,0,0,1,0,0,0,0,0,0,0,0
"952",2004,11,2004-11-22,"bc 1",20,2,1,1,1,1,0,0,1,0,0,0,0,0,0,0,0
"953",2004,11,2004-11-22,"bc 1",20,3,1,1,0,1,0,0,1,1,0,0,0,0,0,0,0
"954",2004,11,2004-11-22,"bc 1",20,4,1,1,1,1,0,0,1,0,0,0,0,0,0,0,0
"955",2004,11,2004-11-22,"bc 1",20,5,1,1,0,1,0,0,1,0,0,0,0,0,0,0,0
"956",2004,11,2004-11-22,"bc 1",20,6,1,1,0,0,0,0,1,0,1,0,0,0,0,0,0
"957",2004,11,2004-11-22,"bc 1",20,7,1,1,0,1,0,0,1,1,0,0,0,0,0,0,0
"958",2004,11,2004-11-22,"bc 1",20,8,1,1,0,0,0,0,1,1,0,0,0,0,0,0,0
"959",2004,11,2004-11-22,"bc 1",20,9,1,1,1,1,0,0,1,0,0,0,0,0,0,0,0
"960",2004,11,2004-11-22,"bc 1",20,10,1,1,0,0,0,0,1,1,0,0,0,0,0,0,0
"961",2004,11,2004-11-22,"bc 1",30,1,1,1,1,1,0,0,1,0,1,0,0,0,0,0,0
"962",2004,11,2004-11-22,"bc 1",30,2,1,0,1,1,0,0,1,0,0,0,1,0,0,0,0
"963",2004,11,2004-11-22,"bc 1",30,3,1,1,0,0,0,0,1,0,0,0,1,0,0,0,0
"964",2004,11,2004-11-22,"bc 1",30,4,1,1,0,1,0,0,1,1,0,0,1,0,0,0,0
"965",2004,11,2004-11-22,"bc 1",30,5,1,1,1,1,0,0,1,0,0,0,0,0,0,0,0
"966",2004,11,2004-11-22,"bc 1",30,6,1,0,1,0,0,0,0,0,0,0,0,0,0,0,0
"967",2004,11,2004-11-22,"bc 1",30,7,1,0,1,0,0,0,0,0,0,0,0,0,0,0,0
"968",2004,11,2004-11-22,"bc 1",30,8,1,1,0,1,0,0,1,0,1,0,0,0,0,0,0
"969",2004,11,2004-11-22,"bc 1",30,9,1,1,1,0,0,0,1,0,1,0,0,0,0,0,0
"970",2004,11,2004-11-22,"bc 1",30,10,1,1,1,1,0,0,1,0,0,0,0,0,0,0,0
"971",2005,11,2005-11-17,"bc 1",10,1,1,1,0,1,0,0,1,1,0,0,0,0,0,0,0
"972",2005,11,2005-11-17,"bc 1",10,2,1,1,0,1,0,0,1,1,0,0,0,0,0,0,0
"973",2005,11,2005-11-17,"bc 1",10,3,1,0,1,1,0,0,1,1,0,0,0,0,0,0,0
"974",2005,11,2005-11-17,"bc 1",10,4,1,1,1,1,0,0,1,1,0,0,0,0,0,0,0
"975",2005,11,2005-11-17,"bc 1",10,5,1,1,0,1,0,0,1,0,0,0,1,0,0,0,0
"976",2005,11,2005-11-17,"bc 1",10,6,1,1,0,1,0,0,1,0,0,0,0,0,0,0,0
"977",2005,11,2005-11-17,"bc 1",10,7,1,1,0,1,0,0,1,1,0,0,0,0,0,0,0
"978",2005,11,2005-11-17,"bc 1",10,8,1,1,0,1,0,0,1,0,0,0,0,0,0,0,0
"979",2005,11,2005-11-17,"bc 1",10,9,1,1,0,1,0,0,1,1,0,0,0,0,0,0,0
"980",2005,11,2005-11-17,"bc 1",10,10,1,1,0,0,0,0,1,1,0,0,0,0,0,0,0
"981",2005,11,2005-11-17,"bc 1",20,1,1,1,1,1,0,0,1,0,0,0,1,0,0,0,0
"982",2005,11,2005-11-17,"bc 1",20,2,1,1,1,1,0,0,1,0,0,0,0,0,0,0,0
"983",2005,11,2005-11-17,"bc 1",20,3,1,1,0,1,0,0,1,1,0,0,0,0,0,0,0
"984",2005,11,2005-11-17,"bc 1",20,4,1,1,1,1,0,0,1,1,0,0,1,0,0,0,0
"985",2005,11,2005-11-17,"bc 1",20,5,1,1,1,0,0,0,1,1,0,0,0,0,0,0,0
"986",2005,11,2005-11-17,"bc 1",20,6,1,1,0,1,0,0,1,1,0,0,1,0,0,0,0
"987",2005,11,2005-11-17,"bc 1",20,7,1,1,0,1,0,0,1,0,0,0,0,0,0,0,0
"988",2005,11,2005-11-17,"bc 1",20,8,0,0,0,0,0,0,1,0,0,0,0,0,0,0,0
"989",2005,11,2005-11-17,"bc 1",20,9,1,1,1,1,0,0,1,1,0,0,0,0,0,0,0
"990",2005,11,2005-11-17,"bc 1",20,10,1,0,1,1,0,0,1,0,0,0,0,0,0,0,0
"991",2005,11,2005-11-17,"bc 1",30,1,1,1,0,1,0,0,1,1,0,0,1,0,0,0,0
"992",2005,11,2005-11-17,"bc 1",30,2,1,0,0,1,0,0,1,0,0,0,0,0,0,0,0
"993",2005,11,2005-11-17,"bc 1",30,3,1,1,0,1,0,0,1,0,0,0,0,0,0,0,0
"994",2005,11,2005-11-17,"bc 1",30,4,1,1,0,0,0,0,1,0,0,0,1,0,0,0,0
"995",2005,11,2005-11-17,"bc 1",30,5,1,1,0,1,0,0,1,1,0,0,0,0,0,0,0
"996",2005,11,2005-11-17,"bc 1",30,6,1,1,0,1,0,0,1,1,0,0,1,0,0,0,0
"997",2005,11,2005-11-17,"bc 1",30,7,1,0,0,0,0,0,1,1,0,0,0,0,0,0,0
"998",2005,11,2005-11-17,"bc 1",30,8,1,1,0,0,0,0,1,0,0,0,0,0,0,0,0
"999",2005,11,2005-11-17,"bc 1",30,9,1,1,1,1,0,0,1,1,0,0,1,0,0,0,0
"1000",2005,11,2005-11-17,"bc 1",30,10,1,0,0,0,0,0,1,0,0,0,0,0,0,0,0
"1001",2005,11,2005-11-22,"twin west",10,1,1,0,0,0,0,0,1,0,0,0,0,0,0,0,0
"1002",2005,11,2005-11-22,"twin west",10,2,1,0,0,0,0,0,1,0,0,0,0,0,0,0,0
"1003",2005,11,2005-11-22,"twin west",10,3,1,1,0,1,0,0,1,0,0,0,0,0,0,0,0
"1004",2005,11,2005-11-22,"twin west",10,4,1,1,0,0,0,0,1,1,0,0,1,0,0,0,0
"1005",2005,11,2005-11-22,"twin west",10,5,0,0,0,0,0,0,1,0,0,0,0,0,0,0,0
"1006",2005,11,2005-11-22,"twin west",10,6,0,0,0,0,0,0,1,0,0,0,0,0,0,0,0
"1007",2005,11,2005-11-22,"twin west",10,7,1,1,0,1,0,0,1,1,0,0,0,0,0,0,0
"1008",2005,11,2005-11-22,"twin west",10,8,1,0,0,0,0,0,1,1,0,0,0,0,0,0,0
"1009",2005,11,2005-11-22,"twin west",10,9,1,0,0,0,0,0,1,0,0,0,0,0,0,0,0
"1010",2005,11,2005-11-22,"twin west",10,10,0,0,0,0,0,0,1,0,0,0,0,0,0,0,0
"1011",2005,11,2005-11-22,"twin west",20,1,1,1,0,1,0,0,1,1,0,0,0,0,0,0,0
"1012",2005,11,2005-11-22,"twin west",20,2,1,0,1,0,0,0,1,0,0,0,0,0,0,0,0
"1013",2005,11,2005-11-22,"twin west",20,3,2,1,0,1,0,0,2,0,2,0,0,0,0,0,0
"1014",2005,11,2005-11-22,"twin west",20,4,1,0,0,0,0,0,1,0,0,1,0,0,0,0,0
"1015",2005,11,2005-11-22,"twin west",20,5,1,0,0,1,0,0,1,1,0,0,0,0,0,0,0
"1016",2005,11,2005-11-22,"twin west",20,6,1,1,1,1,0,0,1,1,0,0,0,0,0,0,0
"1017",2005,11,2005-11-22,"twin west",20,7,1,1,0,1,0,0,1,0,0,0,0,0,0,0,0
"1018",2005,11,2005-11-22,"twin west",20,8,1,0,0,0,0,0,1,0,0,0,0,0,0,0,0
"1019",2005,11,2005-11-22,"twin west",20,9,1,0,0,0,0,0,1,0,0,0,0,0,0,0,0
"1020",2005,11,2005-11-22,"twin west",20,10,1,1,1,0,0,0,1,0,0,0,0,0,0,0,0
"1021",2005,11,2005-11-22,"twin west",30,1,1,1,0,1,0,0,1,0,1,0,1,0,0,0,0
"1022",2005,11,2005-11-22,"twin west",30,2,1,1,0,0,0,0,1,1,0,0,1,0,0,0,0
"1023",2005,11,2005-11-22,"twin west",30,3,1,1,1,0,0,0,1,1,0,0,0,0,0,0,0
"1024",2005,11,2005-11-22,"twin west",30,4,1,1,0,1,0,0,1,0,0,0,1,0,0,0,0
"1025",2005,11,2005-11-22,"twin west",30,5,1,1,1,0,0,0,1,1,0,0,1,0,0,0,0
"1026",2005,11,2005-11-22,"twin west",30,6,1,1,1,0,0,0,1,0,0,0,0,0,0,0,0
"1027",2005,11,2005-11-22,"twin west",30,7,1,1,0,0,0,0,1,0,0,0,0,0,0,0,0
"1028",2005,11,2005-11-22,"twin west",30,8,1,1,0,1,0,0,1,1,0,0,0,0,0,0,0
"1029",2005,11,2005-11-22,"twin west",30,9,1,0,1,0,0,0,1,0,0,0,0,0,0,0,0
"1030",2005,11,2005-11-22,"twin west",30,10,1,1,0,0,0,0,0,0,0,0,0,0,0,0,0
"1031",2006,10,2006-10-26,"twin west",10,1,1,0,0,1,0,0,1,0,0,0,0,0,0,0,0
"1032",2006,10,2006-10-26,"twin west",10,2,1,1,1,1,0,0,1,1,0,0,0,0,0,0,0
"1033",2006,10,2006-10-26,"twin west",10,3,1,0,0,0,0,0,1,0,0,0,0,0,0,0,0
"1034",2006,10,2006-10-26,"twin west",10,4,1,0,1,0,0,0,1,1,0,0,0,0,0,0,0
"1035",2006,10,2006-10-26,"twin west",10,5,1,1,0,1,0,0,1,1,0,0,0,0,0,0,0
"1036",2006,10,2006-10-26,"twin west",10,6,1,1,1,1,0,0,1,0,0,0,1,0,0,0,0
"1037",2006,10,2006-10-26,"twin west",10,7,1,1,0,1,0,0,1,0,0,0,0,0,0,0,0
"1038",2006,10,2006-10-26,"twin west",10,8,1,0,0,1,0,0,1,1,0,0,0,0,0,0,0
"1039",2006,10,2006-10-26,"twin west",10,9,1,1,0,1,0,0,1,1,0,0,0,0,0,0,0
"1040",2006,10,2006-10-26,"twin west",10,10,1,0,1,1,0,0,1,0,0,0,0,0,0,0,0
"1041",2006,10,2006-10-26,"twin west",20,1,1,0,0,1,0,0,1,0,1,0,0,0,0,0,0
"1042",2006,10,2006-10-26,"twin west",20,2,1,1,0,1,0,0,1,1,0,0,0,0,0,0,0
"1043",2006,10,2006-10-26,"twin west",20,3,1,0,0,1,0,0,1,0,0,0,0,0,0,0,0
"1044",2006,10,2006-10-26,"twin west",20,4,1,1,0,1,0,0,1,0,0,0,0,0,0,0,0
"1045",2006,10,2006-10-26,"twin west",20,5,1,0,0,1,0,0,1,0,0,0,0,0,0,0,0
"1046",2006,10,2006-10-26,"twin west",20,6,1,1,0,0,0,0,0,1,0,0,0,0,0,0,0
"1047",2006,10,2006-10-26,"twin west",20,7,2,0,2,2,0,0,0,0,1,0,0,0,0,0,0
"1048",2006,10,2006-10-26,"twin west",20,8,1,0,0,0,0,0,1,0,0,0,0,0,0,0,0
"1049",2006,10,2006-10-26,"twin west",20,10,1,1,0,0,0,0,1,0,0,0,0,0,0,0,0
"1050",2006,10,2006-10-26,"twin west",20,9,1,1,1,1,0,0,1,0,0,0,0,0,0,0,0
"1051",2006,10,2006-10-26,"twin west",30,2,1,0,0,1,0,0,1,1,0,0,0,0,0,0,0
"1052",2006,10,2006-10-26,"twin west",30,3,1,1,1,0,0,0,1,1,0,0,1,0,0,0,0
"1053",2006,10,2006-10-26,"twin west",30,4,1,1,0,0,0,0,1,0,0,0,0,0,0,0,0
"1054",2006,10,2006-10-26,"twin west",30,5,1,0,0,1,0,0,0,0,0,0,0,0,0,0,0
"1055",2006,10,2006-10-26,"twin west",30,6,1,1,0,1,0,0,1,0,0,0,0,0,0,0,0
"1056",2006,10,2006-10-26,"twin west",30,7,1,0,0,1,0,0,1,0,1,0,0,0,0,0,0
"1057",2006,10,2006-10-26,"twin west",30,8,1,0,0,1,0,0,1,0,0,0,0,0,0,0,0
"1058",2006,10,2006-10-26,"twin west",30,9,1,1,0,0,0,0,1,1,0,0,1,0,0,0,0
"1059",2006,10,2006-10-26,"twin west",30,10,1,0,0,0,0,0,0,0,0,0,0,0,0,0,0
"1060",2006,10,2006-10-26,"twin west",30,1,1,0,1,0,0,0,1,0,0,0,0,0,0,0,0
"1061",2006,11,2006-11-16,"bc 1",10,1,1,1,0,1,0,0,1,1,0,0,0,0,0,0,0
"1062",2006,11,2006-11-16,"bc 1",10,2,1,1,0,1,0,0,1,0,0,0,0,0,0,0,0
"1063",2006,11,2006-11-16,"bc 1",10,3,1,1,1,1,0,0,1,1,0,0,0,0,0,0,0
"1064",2006,11,2006-11-16,"bc 1",10,4,1,1,1,1,0,0,1,1,0,0,0,0,0,0,0
"1065",2006,11,2006-11-16,"bc 1",10,5,1,1,1,1,0,0,1,1,0,0,0,0,0,0,0
"1066",2006,11,2006-11-16,"bc 1",10,6,1,1,0,1,0,0,1,1,0,0,0,0,0,0,0
"1067",2006,11,2006-11-16,"bc 1",10,7,1,1,0,0,0,0,1,1,0,0,0,0,0,0,0
"1068",2006,11,2006-11-16,"bc 1",10,8,1,1,1,1,0,0,1,0,0,0,0,0,0,0,0
"1069",2006,11,2006-11-16,"bc 1",10,9,1,0,0,1,0,0,1,0,0,0,0,0,0,0,0
"1070",2006,11,2006-11-16,"bc 1",10,10,1,1,0,0,0,0,1,1,0,0,0,0,0,0,0
"1071",2006,11,2006-11-16,"bc 1",20,1,1,1,1,1,0,0,1,1,0,0,1,0,0,0,0
"1072",2006,11,2006-11-16,"bc 1",20,2,1,0,0,0,0,0,1,1,1,0,0,0,0,0,0
"1073",2006,11,2006-11-16,"bc 1",20,3,1,1,0,1,0,0,1,1,1,0,0,0,0,0,0
"1074",2006,11,2006-11-16,"bc 1",20,4,1,1,0,0,0,0,1,1,0,0,1,0,0,0,0
"1075",2006,11,2006-11-16,"bc 1",20,5,1,1,0,1,0,0,1,1,0,0,0,0,0,0,0
"1076",2006,11,2006-11-16,"bc 1",20,6,2,0,0,2,0,0,2,1,1,0,0,0,0,0,0
"1077",2006,11,2006-11-16,"bc 1",20,7,1,0,0,1,0,0,1,0,0,0,0,0,0,0,0
"1078",2006,11,2006-11-16,"bc 1",20,8,1,1,0,1,0,0,1,0,0,0,0,0,0,0,0
"1079",2006,11,2006-11-16,"bc 1",20,9,1,1,1,1,1,0,1,0,0,0,0,0,0,0,0
"1080",2006,11,2006-11-16,"bc 1",20,10,1,1,1,0,0,0,1,0,0,0,0,0,0,0,0
"1081",2006,11,2006-11-16,"bc 1",30,1,2,2,0,2,0,0,2,0,0,0,2,0,0,0,0
"1082",2006,11,2006-11-16,"bc 1",30,2,1,1,0,1,0,0,1,1,0,0,1,0,0,0,0
"1083",2006,11,2006-11-16,"bc 1",30,3,1,0,1,1,0,0,1,1,0,0,1,0,0,0,0
"1084",2006,11,2006-11-16,"bc 1",30,4,1,1,1,0,0,0,1,0,0,0,0,0,0,0,0
"1085",2006,11,2006-11-16,"bc 1",30,5,1,1,0,1,0,0,1,1,0,0,0,0,0,0,0
"1086",2006,11,2006-11-16,"bc 1",30,8,1,1,1,1,0,0,0,1,0,0,1,0,0,0,0
"1087",2006,11,2006-11-16,"bc 1",30,9,1,1,0,1,0,0,1,0,0,0,1,0,0,0,0
"1088",2006,11,2006-11-16,"bc 1",30,10,1,1,1,1,0,0,1,1,0,0,1,0,0,0,0
"1089",2007,10,2007-10-23,"twin west",10,1,1,1,1,1,0,0,1,1,0,0,0,0,0,0,0
"1090",2007,10,2007-10-23,"twin west",10,2,1,1,0,1,0,0,1,1,0,0,0,0,0,0,0
"1091",2007,10,2007-10-23,"twin west",10,3,1,1,0,1,0,0,1,1,0,0,0,0,0,0,0
"1092",2007,10,2007-10-23,"twin west",10,4,1,1,0,0,0,0,1,1,0,0,0,0,0,0,0
"1093",2007,10,2007-10-23,"twin west",10,5,1,0,1,1,0,0,1,1,0,0,0,0,0,0,0
"1094",2007,10,2007-10-23,"twin west",10,6,1,1,0,0,0,0,1,1,0,0,1,0,0,0,0
"1095",2007,10,2007-10-23,"twin west",10,7,1,1,0,0,0,0,1,1,0,0,0,0,0,0,0
"1096",2007,10,2007-10-23,"twin west",10,8,1,1,0,1,0,0,1,1,0,0,0,0,0,0,0
"1097",2007,10,2007-10-23,"twin west",10,9,1,1,0,0,0,0,1,1,0,0,0,0,0,0,0
"1098",2007,10,2007-10-23,"twin west",10,10,1,1,1,1,0,0,1,0,0,0,0,0,0,0,0
"1099",2007,10,2007-10-23,"twin west",20,1,1,0,0,0,0,0,1,1,0,0,0,0,0,0,0
"1100",2007,10,2007-10-23,"twin west",20,2,1,1,1,0,0,0,1,0,0,0,0,0,0,0,0
"1101",2007,10,2007-10-23,"twin west",20,3,1,1,0,1,0,0,1,1,0,0,0,0,0,0,0
"1102",2007,10,2007-10-23,"twin west",20,4,1,1,0,1,0,0,1,1,0,0,0,0,0,0,0
"1103",2007,10,2007-10-23,"twin west",20,5,1,1,0,1,0,0,1,1,0,0,0,0,0,0,0
"1104",2007,10,2007-10-23,"twin west",20,6,1,0,0,1,0,0,1,0,0,0,0,0,0,0,0
"1105",2007,10,2007-10-23,"twin west",20,7,1,1,0,1,0,0,1,1,0,1,0,0,0,0,0
"1106",2007,10,2007-10-23,"twin west",20,8,1,1,1,1,0,0,1,0,0,0,0,0,0,0,0
"1107",2007,10,2007-10-23,"twin west",20,9,1,1,0,1,0,0,1,1,0,0,1,0,0,0,0
"1108",2007,10,2007-10-23,"twin west",20,10,1,1,1,1,0,0,1,0,0,0,0,0,0,0,0
"1109",2007,10,2007-10-23,"twin west",30,1,1,1,1,1,0,0,1,0,0,0,1,0,0,0,0
"1110",2007,10,2007-10-23,"twin west",30,2,1,1,0,1,0,0,1,0,0,0,0,0,0,0,0
"1111",2007,10,2007-10-23,"twin west",30,3,1,1,0,0,0,0,1,1,0,0,0,0,0,0,0
"1112",2007,10,2007-10-23,"twin west",30,4,1,0,0,0,0,0,1,1,0,0,1,0,0,0,0
"1113",2007,10,2007-10-23,"twin west",30,5,1,1,1,1,0,0,1,0,0,0,0,0,0,0,0
"1114",2007,10,2007-10-23,"twin west",30,6,1,1,0,1,0,0,1,1,0,0,0,0,0,0,0
"1115",2007,10,2007-10-23,"twin west",30,7,1,1,0,0,0,0,1,0,0,0,1,0,0,0,0
"1116",2007,10,2007-10-23,"twin west",30,8,1,1,1,1,0,0,1,0,0,0,0,0,0,0,0
"1117",2007,10,2007-10-23,"twin west",30,9,1,1,0,0,0,0,1,1,1,0,1,0,0,0,0
"1118",2007,10,2007-10-23,"twin west",30,10,1,1,0,1,0,0,1,0,0,0,1,0,0,0,0
"1119",2007,10,2007-10-25,"bc 1",10,1,1,1,0,1,0,0,1,1,0,0,0,0,0,0,0
"1120",2007,10,2007-10-25,"bc 1",10,2,1,1,1,1,0,0,1,1,0,0,1,0,0,0,0
"1121",2007,10,2007-10-25,"bc 1",10,3,1,1,1,1,0,0,1,1,0,0,1,0,0,0,0
"1122",2007,10,2007-10-25,"bc 1",10,4,1,1,0,1,0,0,1,1,0,0,0,0,0,0,0
"1123",2007,10,2007-10-25,"bc 1",10,5,1,1,1,1,0,0,1,1,0,0,0,0,0,0,0
"1124",2007,10,2007-10-25,"bc 1",10,6,1,1,0,1,0,0,1,0,0,0,0,0,0,0,0
"1125",2007,10,2007-10-25,"bc 1",10,7,1,1,0,1,0,0,1,1,0,0,0,0,0,0,0
"1126",2007,10,2007-10-25,"bc 1",10,8,1,1,0,1,0,0,1,1,0,0,0,0,0,0,0
"1127",2007,10,2007-10-25,"bc 1",10,9,1,1,1,1,0,0,1,1,0,0,0,0,0,0,0
"1128",2007,10,2007-10-25,"bc 1",10,10,1,1,1,1,0,0,1,0,0,0,1,0,0,0,0
"1129",2007,10,2007-10-25,"bc 1",20,1,1,1,1,1,0,0,1,0,0,0,0,0,0,0,0
"1130",2007,10,2007-10-25,"bc 1",20,2,1,1,0,1,0,0,1,1,0,0,1,0,0,0,0
"1131",2007,10,2007-10-25,"bc 1",20,3,1,1,0,1,0,0,1,1,0,0,1,0,0,0,0
"1132",2007,10,2007-10-25,"bc 1",20,4,1,1,0,1,0,0,1,0,0,0,0,0,0,0,0
"1133",2007,10,2007-10-25,"bc 1",20,5,1,0,1,1,0,0,1,1,0,0,0,0,0,0,0
"1134",2007,10,2007-10-25,"bc 1",20,6,1,1,0,1,0,0,1,1,0,0,0,0,0,0,0
"1135",2007,10,2007-10-25,"bc 1",20,7,1,0,1,1,0,0,1,1,0,0,0,0,0,0,0
"1136",2007,10,2007-10-25,"bc 1",20,8,1,0,1,1,0,0,1,0,0,0,0,0,0,0,0
"1137",2007,10,2007-10-25,"bc 1",20,9,1,1,0,1,0,0,1,0,0,0,0,0,0,0,0
"1138",2007,10,2007-10-25,"bc 1",20,10,1,1,0,1,0,0,1,1,0,0,0,0,0,0,0
"1139",2007,10,2007-10-25,"bc 1",30,1,1,1,0,1,0,0,1,1,0,0,1,0,0,0,0
"1140",2007,10,2007-10-25,"bc 1",30,2,1,1,0,1,0,0,0,1,0,0,0,0,0,0,0
"1141",2007,10,2007-10-25,"bc 1",30,3,1,1,0,0,0,0,1,1,0,0,0,0,0,0,0
"1142",2007,10,2007-10-25,"bc 1",30,4,1,1,0,1,0,0,1,1,0,0,1,0,0,0,0
"1143",2007,10,2007-10-25,"bc 1",30,5,1,1,0,1,0,0,1,1,0,0,1,0,0,0,0
"1144",2007,10,2007-10-25,"bc 1",30,6,1,1,1,1,0,0,1,1,0,0,0,0,0,0,0
"1145",2007,10,2007-10-25,"bc 1",30,7,1,1,1,1,0,0,1,1,0,0,1,0,0,0,0
"1146",2007,10,2007-10-25,"bc 1",30,8,1,1,0,0,0,0,1,0,0,0,1,0,0,0,0
"1147",2007,10,2007-10-25,"bc 1",30,9,1,0,0,0,0,0,1,0,0,0,0,0,0,0,0
"1148",2007,10,2007-10-25,"bc 1",30,10,1,1,0,1,1,0,0,0,0,0,0,0,0,0,0
"1149",2008,11,2008-11-16,"bc 1",30,6,0,0,0,0,0,0,0,0,0,0,0,0,0,0,0
"1150",2008,11,2008-11-16,"bc 1",30,7,0,0,0,0,0,0,0,0,0,0,0,0,0,0,0
"1151",2008,11,2008-11-21,"bc 1",10,1,1,1,0,1,0,0,1,1,0,0,0,0,0,0,0
"1152",2008,11,2008-11-21,"bc 1",10,2,1,1,1,1,0,0,1,1,0,0,0,0,0,0,0
"1153",2008,11,2008-11-21,"bc 1",10,3,1,1,1,1,0,0,1,1,0,0,0,0,0,0,0
"1154",2008,11,2008-11-21,"bc 1",10,4,1,1,0,1,0,0,1,1,0,0,1,0,0,0,0
"1155",2008,11,2008-11-21,"bc 1",10,5,1,0,0,1,0,0,1,0,0,1,0,0,0,0,0
"1156",2008,11,2008-11-21,"bc 1",10,6,1,1,1,1,0,0,1,1,0,1,1,0,0,0,0
"1157",2008,11,2008-11-21,"bc 1",10,7,1,1,0,1,0,0,1,1,0,0,0,0,0,0,0
"1158",2008,11,2008-11-21,"bc 1",10,8,1,1,1,1,0,0,1,0,0,1,1,0,0,0,0
"1159",2008,11,2008-11-21,"bc 1",10,9,1,1,1,0,0,0,1,1,0,0,0,0,0,0,0
"1160",2008,11,2008-11-21,"bc 1",10,10,1,1,0,1,0,0,1,1,0,0,0,0,0,0,0
"1161",2008,11,2008-11-21,"bc 1",20,1,1,1,0,1,0,0,1,1,0,1,0,0,0,0,0
"1162",2008,11,2008-11-21,"bc 1",20,2,1,1,1,1,0,0,1,1,0,0,0,0,0,0,0
"1163",2008,11,2008-11-21,"bc 1",20,4,1,1,0,1,0,0,1,0,0,1,0,0,0,0,0
"1164",2008,11,2008-11-21,"bc 1",20,5,1,1,1,1,0,0,0,1,0,1,0,0,0,0,0
"1165",2008,11,2008-11-21,"bc 1",20,6,1,1,0,1,0,0,1,0,0,0,0,0,0,0,0
"1166",2008,11,2008-11-21,"bc 1",20,7,1,1,0,1,0,0,1,1,0,0,0,0,0,0,0
"1167",2008,11,2008-11-21,"bc 1",20,8,1,1,0,1,0,0,1,1,0,1,0,0,0,0,0
"1168",2008,11,2008-11-21,"bc 1",20,9,1,1,0,1,0,0,1,1,0,0,0,0,0,0,0
"1169",2008,11,2008-11-21,"bc 1",20,10,1,1,0,1,0,0,1,1,0,0,0,0,0,0,0
"1170",2008,11,2008-11-21,"bc 1",30,1,1,1,0,1,0,0,1,1,0,0,1,0,0,0,0
"1171",2008,11,2008-11-21,"bc 1",30,5,1,1,1,0,0,0,1,0,0,0,1,0,0,0,0
"1172",2008,11,2008-11-21,"bc 1",30,6,1,1,1,0,0,0,1,0,0,1,0,0,0,0,0
"1173",2008,11,2008-11-21,"bc 1",30,7,1,0,1,1,0,0,0,1,0,0,0,0,0,0,0
"1174",2008,11,2008-11-21,"bc 1",30,8,1,0,1,1,0,0,1,1,0,1,1,0,0,0,0
"1175",2008,11,2008-11-21,"bc 1",30,9,1,1,1,0,0,0,1,1,1,1,0,0,0,0,0
"1176",2008,11,2008-11-21,"bc 1",30,10,1,0,0,1,0,0,1,1,0,1,0,0,0,0,0
"1177",2006,11,2006-11-16,"bc 1",30,6,1,1,0,1,0,0,1,0,0,0,1,0,0,0,0
"1178",2006,11,2006-11-16,"bc 1",30,7,1,1,0,1,0,0,0,0,1,0,0,0,0,0,0
